Date,Occupancy Index,Room Rate Index,Tourist Demand Index,Airfare Index
01-01-2018,65,5200,220,100
02-01-2018,-229.693,4360.155,-72.177,513.667
03-01-2018,-434.528,3815.08,-279.326,750.072
04-01-2018,-578.379,3988.72,-444.862,880.604
05-01-2018,-721.638,3745.294,-578.026,996.62
06-01-2018,-828.776,3100.68,-682.456,1057.022
07-01-2018,-871.124,3264.571,-745.008,1060.83
08-01-2018,-915.158,3230.661,-799.084,1072.644
09-01-2018,-943.738,3355.342,-829.849,1087.221
10-01-2018,-979.538,3253.097,-849.529,1104.656
11-01-2018,-1001.924,3249.486,-878.497,1112.514
12-01-2018,-1022.676,3273.689,-894.093,1119.043
13-01-2018,-1040.621,3196.599,-901.405,1125.691
14-01-2018,-1041.89,3336.613,-906.103,1126.355
15-01-2018,-1052.854,2946.522,-909.794,1135.697
16-01-2018,-1038.455,3079.129,-899.885,1107.354
17-01-2018,-1038.91,3154.702,-909.517,1102.777
18-01-2018,-1038.438,3268.722,-911.633,1109.298
19-01-2018,-1045.043,3352.702,-925.223,1114.255
20-01-2018,-1064.059,3122.056,-922.863,1130.146
21-01-2018,-1052.365,3162.273,-928.599,1121.793
22-01-2018,-1053.845,2968.708,-922.585,1116.942
23-01-2018,-1036.492,2899.484,-895.669,1098.314
24-01-2018,-1017.803,2976.127,-904.028,1078.967
25-01-2018,-1015.121,3194.767,-893.739,1067.908
26-01-2018,-1025.679,3214.67,-898.728,1086.55
27-01-2018,-1031.15,3099.978,-906.902,1101.045
28-01-2018,-1034.732,2878.947,-920.088,1098.746
29-01-2018,-1022.951,2919.913,-914.126,1078.106
30-01-2018,-1007.993,2846.432,-907.108,1068.981
31-01-2018,-1002.292,2924.71,-881.854,1059.138
01-02-2018,-996.175,2679.499,-861.949,1054.015
02-02-2018,-976.735,2818.119,-856.723,1031.009
03-02-2018,-972.453,3073.174,-865.137,1029.538
04-02-2018,-977.128,3192.463,-847.625,1040.02
05-02-2018,-991.707,3135.248,-857.672,1058.122
06-02-2018,-990.276,3003.406,-885.78,1064.553
07-02-2018,-991.878,3154.126,-881.931,1065.701
08-02-2018,-1004.442,3301.647,-876.23,1072.553
09-02-2018,-1024.076,2985.375,-880.637,1096.624
10-02-2018,-1021.044,2998.771,-896.574,1091.946
11-02-2018,-1015.37,2998.706,-888.771,1083.219
12-02-2018,-1013.308,3016.509,-887.115,1077.743
13-02-2018,-1009.561,2698.304,-880.938,1080.534
14-02-2018,-990.174,2920.366,-857.901,1050.963
15-02-2018,-985.011,2961.108,-863.835,1048.445
16-02-2018,-982.373,3218.865,-849.501,1053.321
17-02-2018,-993.679,3286.613,-842.696,1076.647
18-02-2018,-1006.239,3229.992,-871.165,1095.47
19-02-2018,-1015.595,2906.815,-875.212,1099.776
20-02-2018,-1001.122,3056.924,-877.476,1082.016
21-02-2018,-1001.845,3084.646,-879.573,1081.153
22-02-2018,-1009.175,3283.133,-885.732,1088.927
23-02-2018,-1025.081,3052.223,-924.735,1104.61
24-02-2018,-1031.003,2913.866,-908.05,1097.619
25-02-2018,-1021.098,3136.085,-895.517,1086.455
26-02-2018,-1021.358,2933.628,-907.15,1085.232
27-02-2018,-1010.659,3036.313,-903.883,1072.049
28-02-2018,-1007.092,3014.852,-889.675,1073.968
01-03-2018,-1005.576,2912.974,-876.173,1069.469
02-03-2018,-999.933,3116.897,-868.236,1060.507
03-03-2018,-1002.879,3208.595,-879.398,1069.108
04-03-2018,-1015.098,2924.792,-879.036,1086.014
05-03-2018,-1005.637,3122.991,-865.463,1073.77
06-03-2018,-1005.399,2992.175,-879.173,1081.104
07-03-2018,-1001.797,2910.216,-881.385,1074.234
08-03-2018,-989.679,3047.787,-878.412,1064.594
09-03-2018,-997.661,2974.446,-865.019,1069.43
10-03-2018,-996.981,2854.459,-875.19,1064.795
11-03-2018,-984.352,2900.129,-868.236,1049.709
12-03-2018,-976.185,2925.082,-860.581,1047.86
13-03-2018,-972.039,3288.034,-853.998,1050.199
14-03-2018,-992.217,3076.054,-877.976,1074.246
15-03-2018,-1000.584,3089.394,-893.587,1075.42
16-03-2018,-1008.38,2860.026,-887.793,1077.277
17-03-2018,-1003.741,2742.935,-871.595,1055.136
18-03-2018,-986.257,2576.294,-863.2,1034.893
19-03-2018,-962.359,2960.96,-828.964,1004.035
20-03-2018,-957.031,3260.401,-836.645,1016.939
21-03-2018,-977.548,3003.18,-865.572,1047.212
22-03-2018,-984.939,2913.669,-863.931,1047.609
23-03-2018,-982.96,2954.097,-857.288,1043.425
24-03-2018,-980.152,3085.798,-853.144,1041.041
25-03-2018,-989.975,2973.071,-855.352,1059.984
26-03-2018,-990.237,2965.664,-859.861,1062.657
27-03-2018,-986.091,2882.314,-874.281,1054.882
28-03-2018,-978.477,2990.528,-882.871,1040.365
29-03-2018,-986.767,3160.965,-872.917,1042.447
30-03-2018,-998.716,3058.09,-865.889,1058.089
31-03-2018,-999.847,3178.791,-883.908,1065.171
01-04-2018,-1014.922,3023.996,-907.377,1078.753
02-04-2018,-1010.128,2812.504,-900.149,1081.501
03-04-2018,-998.21,2696.192,-901.724,1058.488
04-04-2018,-987.876,2885.311,-869.821,1034.576
05-04-2018,-978.571,2957.332,-848.842,1028.246
06-04-2018,-974.932,3109.639,-842.099,1038.699
07-04-2018,-984.462,2934.37,-854.141,1047.973
08-04-2018,-980.347,2852.285,-855.259,1042.579
09-04-2018,-974.227,3070.229,-836.408,1036.095
10-04-2018,-972.09,3196.459,-823.487,1047.181
11-04-2018,-983.553,3246.88,-844.028,1062.923
12-04-2018,-997.753,3165.397,-875.922,1084.302
13-04-2018,-1007.985,3318.127,-884.331,1091.771
14-04-2018,-1029.303,2935.358,-905.304,1104.26
15-04-2018,-1025.513,3029.055,-909.79,1084.124
16-04-2018,-1020.656,3088.757,-909.538,1079.353
17-04-2018,-1017.654,2959.841,-913.022,1078.032
18-04-2018,-1007.721,2814.766,-898.172,1073.807
19-04-2018,-1000.92,2907.21,-868.068,1055.499
20-04-2018,-986.643,2800.139,-861.066,1052.99
21-04-2018,-979.436,2568.349,-854.277,1035.675
22-04-2018,-955.939,2874.672,-812.787,1006.441
23-04-2018,-949.33,2870.506,-800.169,1016.053
24-04-2018,-945.386,2861.288,-808.643,1015.717
25-04-2018,-938.196,2918.552,-811.983,1016.462
26-04-2018,-940.144,2916.009,-815.06,1020.016
27-04-2018,-947.725,3021.367,-831.602,1018.569
28-04-2018,-955.979,3363.515,-836.005,1036.103
29-04-2018,-981.48,3508.425,-846.831,1065.948
30-04-2018,-1014.609,3316.849,-871.229,1104.718
01-05-2018,-1022.617,3253.367,-872.915,1116.408
02-05-2018,-1028.009,3346.458,-893.653,1130.213
03-05-2018,-1044.448,3097.7,-905.704,1142.562
04-05-2018,-1048.567,3245.878,-910.044,1136.198
05-05-2018,-1054.022,3126.625,-931.362,1134.734
06-05-2018,-1050.586,2953.319,-917.957,1134.072
07-05-2018,-1038.397,3133.65,-882.338,1113.944
08-05-2018,-1030.68,3043.652,-888.823,1115.38
09-05-2018,-1023.408,2944.263,-900.828,1106.269
10-05-2018,-1007.644,2922.178,-882.421,1087.521
11-05-2018,-1001.453,3051.224,-878.028,1076.275
12-05-2018,-997.045,3126.854,-868.867,1076.986
13-05-2018,-1006.856,3257.526,-880.566,1081.337
14-05-2018,-1021.944,3057.991,-902.193,1098.44
15-05-2018,-1018.263,2937.092,-896.619,1092.572
16-05-2018,-1008.979,2754.293,-886.825,1079.343
17-05-2018,-996.355,2969.751,-870.999,1054.448
18-05-2018,-999.751,3025.632,-872.513,1055.737
19-05-2018,-1006.199,2858.38,-861.776,1060.047
20-05-2018,-992.764,2934.38,-856.614,1052.244
21-05-2018,-988.764,3004.328,-845.506,1049.958
22-05-2018,-981.162,3058.413,-829.054,1054.712
23-05-2018,-978.824,3072.696,-853.722,1061.054
24-05-2018,-987.1,3084.294,-863.475,1071.32
25-05-2018,-992.651,2981.88,-881.609,1070.293
26-05-2018,-993.55,2960.39,-852.759,1066.799
27-05-2018,-991.115,2770.913,-862.392,1056.439
28-05-2018,-976.599,2830.131,-864.381,1040.119
29-05-2018,-967.091,2808.453,-848.519,1035.978
30-05-2018,-956.31,2756.804,-843.296,1024.795
31-05-2018,-954.183,2982.536,-839.544,1015.321
01-06-2018,-961.694,3025.528,-833.902,1020.442
02-06-2018,-969.026,2998.989,-849.15,1038.309
03-06-2018,-970.088,3082.77,-836.897,1043.029
04-06-2018,-977.798,2979.459,-838.807,1054.402
05-06-2018,-973.204,3007.919,-839.539,1050.099
06-06-2018,-967.049,2723.042,-857.99,1051.216
07-06-2018,-958.96,2907.004,-848.769,1026.004
08-06-2018,-964.252,2869.533,-849.277,1028.34
09-06-2018,-962.626,2839.892,-836.848,1024.846
10-06-2018,-960.802,2839.881,-826.92,1022.37
11-06-2018,-950.21,2911.651,-841.762,1022.36
12-06-2018,-946.969,2829.3,-848.767,1023.343
13-06-2018,-944.629,2957.155,-815.768,1018.953
14-06-2018,-948.769,3123.398,-832.935,1026.335
15-06-2018,-967.072,3007.265,-855.309,1045.278
16-06-2018,-978.233,2948.93,-852.474,1054.659
17-06-2018,-977.832,2788.97,-854.792,1053.393
18-06-2018,-969.455,2870.748,-829.79,1036.85
19-06-2018,-966.113,3112.046,-853.776,1034.331
20-06-2018,-972.548,2874.266,-860.471,1050.946
21-06-2018,-972.124,3114.939,-850.089,1041.897
22-06-2018,-983.17,2973.71,-850.845,1053.994
23-06-2018,-984.061,3143.123,-846.605,1057.656
24-06-2018,-994.19,2944.008,-839.144,1067.35
25-06-2018,-990.62,2904.06,-845.457,1064.057
26-06-2018,-980.482,3015.109,-866.595,1055.049
27-06-2018,-980.468,3074.363,-860.056,1058.152
28-06-2018,-988.543,3086.02,-859.457,1067.316
29-06-2018,-996.156,3347.861,-880.736,1071.325
30-06-2018,-1015.823,3069.426,-896.895,1094.974
01-07-2018,-1021.415,2745.01,-899.989,1086.613
02-07-2018,-1002.093,2590.031,-886.437,1057.141
03-07-2018,-969.099,2875.398,-867.298,1022.852
04-07-2018,-968.981,2940.076,-846.999,1018.953
05-07-2018,-967.136,3102.374,-830.747,1021.537
06-07-2018,-974.355,3131.82,-840.24,1040.912
07-07-2018,-982.692,2852.262,-857.103,1056.751
08-07-2018,-979.957,3037.238,-857.464,1048.283
09-07-2018,-981.767,3088.291,-859.433,1053.684
10-07-2018,-990.887,3195.446,-860.121,1060.528
11-07-2018,-1003.84,3363.357,-866.433,1074.755
12-07-2018,-1027.198,3476.008,-886.467,1093.199
13-07-2018,-1050.804,3517.231,-911.472,1117.187
14-07-2018,-1077.359,3412.731,-941.468,1139.202
15-07-2018,-1085.233,3209.005,-962.328,1149.759
16-07-2018,-1086.484,3086.13,-972.634,1139.967
17-07-2018,-1073.269,3440.151,-955.749,1123.49
18-07-2018,-1085.313,3252.994,-967.087,1141.517
19-07-2018,-1082.145,3329.078,-983.495,1143.874
20-07-2018,-1092.75,3089.838,-982.826,1151.676
21-07-2018,-1085.282,3170.375,-960.282,1142.223
22-07-2018,-1082.357,3196.68,-938.456,1137.418
23-07-2018,-1076.282,2990.472,-934.431,1134.149
24-07-2018,-1051.583,2871.539,-918.791,1112.105
25-07-2018,-1033.546,3053.985,-901.522,1087.707
26-07-2018,-1025.115,3176.047,-907.082,1087.48
27-07-2018,-1032.551,3363.536,-911.072,1097.007
28-07-2018,-1055.159,3396.887,-934.72,1112.208
29-07-2018,-1067.293,3263.461,-926.217,1128.305
30-07-2018,-1062.675,3337.688,-933.877,1133.437
31-07-2018,-1065.395,3242.869,-933.582,1144.222
01-08-2018,-1066.371,3207.552,-923.247,1149.511
02-08-2018,-1063.948,3061.447,-931.054,1146.732
03-08-2018,-1062.876,3244.821,-941.158,1130.556
04-08-2018,-1070.443,2814.878,-936.573,1136.208
05-08-2018,-1049.581,2982.947,-913.897,1107.243
06-08-2018,-1033.878,3020.258,-909.277,1092.821
07-08-2018,-1029.338,3065.382,-909.415,1087.57
08-08-2018,-1022.149,3059.225,-903.927,1087.137
09-08-2018,-1024.206,2938.537,-884.675,1084.553
10-08-2018,-1014.426,2885.401,-884.239,1074.787
11-08-2018,-1006.213,2924.801,-860.707,1061.372
12-08-2018,-994.639,2706.28,-856.774,1060.779
13-08-2018,-967.75,2903.394,-835.929,1033.47
14-08-2018,-962.725,2839.19,-844.501,1035.871
15-08-2018,-959.816,2800.884,-830.258,1027.027
16-08-2018,-952.699,2679.209,-835.967,1019.729
17-08-2018,-939.39,2915.277,-816.445,1000.131
18-08-2018,-939.93,3056.283,-802.007,1012.638
19-08-2018,-950.394,2982.665,-822.274,1027.271
20-08-2018,-943.323,2942.034,-831.228,1031.044
21-08-2018,-946.333,3410.509,-824.168,1037.474
22-08-2018,-977.51,3068.125,-842.142,1075.605
23-08-2018,-982.45,3169.522,-849.703,1079.005
24-08-2018,-996.718,3266.783,-858.354,1092.475
25-08-2018,-1017.263,3168.436,-873.097,1098.522
26-08-2018,-1022.545,3223.262,-888.92,1100.518
27-08-2018,-1029.092,3072.597,-898.11,1111.22
28-08-2018,-1024.445,2976.318,-904.137,1107.368
29-08-2018,-1023.541,2874.16,-914.072,1093.622
30-08-2018,-1010.639,2832.574,-901.889,1075.211
31-08-2018,-1008.561,3014.786,-894.07,1052.246
01-09-2018,-1011.009,2935.227,-893.651,1061.739
02-09-2018,-1008.669,2954.556,-876.803,1055.017
03-09-2018,-995.831,2975.635,-865.176,1049.392
04-09-2018,-992.341,2791.507,-858.921,1049.9
05-09-2018,-975.796,2858.362,-859.076,1039.557
06-09-2018,-974.768,2934.181,-849.195,1030.138
07-09-2018,-972.267,3041.456,-845.026,1030.036
08-09-2018,-980.484,2719.664,-833.781,1041.28
09-09-2018,-957.464,2854.46,-845.285,1024.302
10-09-2018,-954.505,3018.086,-820.696,1022.678
11-09-2018,-955.092,2937.669,-808.599,1032.467
12-09-2018,-957.621,3124.797,-817.681,1039.676
13-09-2018,-971.094,2909.102,-849.983,1051.868
14-09-2018,-968.93,2816.181,-827.569,1039.519
15-09-2018,-959.091,2801.704,-809.749,1028.627
16-09-2018,-951.932,2954.908,-828.183,1017.108
17-09-2018,-953.472,3112.97,-827.839,1028.839
18-09-2018,-960.379,2929.271,-847.445,1044.903
19-09-2018,-964.526,2836.582,-837.689,1042.53
20-09-2018,-958.279,2828.639,-817.257,1036.928
21-09-2018,-953.852,2992.404,-825.524,1030.304
22-09-2018,-961.741,3073.271,-830.792,1038.382
23-09-2018,-967.329,2821.186,-843.495,1049.387
24-09-2018,-959.746,3226.819,-832.558,1031.489
25-09-2018,-978.743,3245.498,-847.969,1056.802
26-09-2018,-990.365,3098.319,-883.541,1078.405
27-09-2018,-1001.747,3008.122,-868.468,1082.457
28-09-2018,-1003.109,3076.749,-859.105,1080.423
29-09-2018,-1004.75,3099.79,-877.138,1085.062
30-09-2018,-1009.72,3095.501,-881.324,1086.067
01-10-2018,-1008.843,2906.503,-882.359,1090.864
02-10-2018,-1001.813,2910.466,-881.72,1077.894
03-10-2018,-995.287,3122.103,-860.658,1071.648
04-10-2018,-1003.936,3030.945,-872.513,1079.411
05-10-2018,-1002.041,2963.06,-852.962,1080.777
06-10-2018,-995.601,3052.536,-853.651,1071.096
07-10-2018,-998.782,3287.548,-859.666,1072.344
08-10-2018,-1010.673,3195.694,-874.219,1090.8
09-10-2018,-1018.045,3114.676,-893.381,1097.265
10-10-2018,-1022.199,3272.026,-895.534,1101.767
11-10-2018,-1039.35,3020.87,-898.604,1112.976
12-10-2018,-1036.41,2879.429,-890.599,1106.09
13-10-2018,-1019.442,2843.566,-889.021,1082.944
14-10-2018,-998.899,2920.899,-876.449,1066.781
15-10-2018,-984.696,2992.819,-874.35,1061.913
16-10-2018,-993.393,2971.31,-870.349,1058.353
17-10-2018,-989.423,3245.43,-872.87,1056.021
18-10-2018,-1007.989,3073.805,-878.535,1075.745
19-10-2018,-1014.209,3333.541,-882.183,1080.471
20-10-2018,-1033.747,3133.877,-869.466,1103.917
21-10-2018,-1027.591,3109.898,-890.006,1100.224
22-10-2018,-1029.495,2812.411,-906.673,1097.558
23-10-2018,-1011.904,2916.034,-895.64,1075.099
24-10-2018,-1000.105,2862.513,-890.217,1067.358
25-10-2018,-996.44,2922.117,-867.028,1056.558
26-10-2018,-995.485,3035.766,-848.158,1052.303
27-10-2018,-991.025,2961.708,-844.171,1057.925
28-10-2018,-983.466,2969.221,-850.202,1052.371
29-10-2018,-976.103,3001.644,-855.214,1051.6
30-10-2018,-978.449,3018.594,-853.018,1055.598
31-10-2018,-983.206,3072.059,-866.992,1060.404
01-11-2018,-989.02,3106.495,-874.083,1068.148
02-11-2018,-1005.32,2901.5,-882.584,1078.231
03-11-2018,-997.668,3078.275,-873.227,1063.015
04-11-2018,-1003.465,2820.989,-879.777,1068.222
05-11-2018,-989.384,2922.55,-864.494,1054.702
06-11-2018,-979.599,2910.689,-839.006,1055.209
07-11-2018,-968.643,3090.251,-863.878,1051.944
08-11-2018,-983.232,3182.772,-876.246,1061.489
09-11-2018,-1001.927,2922.485,-876.137,1070.376
10-11-2018,-990.808,3096.023,-871.608,1063.275
11-11-2018,-1003.441,3185.687,-869.965,1063.866
12-11-2018,-1008.751,2861.557,-868.612,1078.519
13-11-2018,-992.426,3006.654,-857.883,1062.535
14-11-2018,-988.99,3347.601,-867.406,1065.13
15-11-2018,-1013.327,3240.191,-870.695,1088.262
16-11-2018,-1017.633,3125.929,-870.179,1098.759
17-11-2018,-1020.002,3038.048,-882.955,1098.161
18-11-2018,-1016.883,3157.765,-889.608,1096.36
19-11-2018,-1024.68,3196.111,-897.856,1096.927
20-11-2018,-1027.335,2978.06,-926.373,1106.317
21-11-2018,-1023.476,2832.997,-901.408,1094.996
22-11-2018,-1001.831,2898.256,-854.309,1071.606
23-11-2018,-990.017,3285.655,-865.753,1061.436
24-11-2018,-1003.719,3070.439,-869.069,1082.799
25-11-2018,-1010.187,3198.852,-866.457,1087.076
26-11-2018,-1016.121,3187.252,-889.464,1096.943
27-11-2018,-1021.094,2877.454,-904.424,1105.659
28-11-2018,-1015.122,3012.163,-896.58,1074.649
29-11-2018,-1010.015,3072.294,-881.438,1076.388
30-11-2018,-1011.073,3179.443,-878.573,1075.912
01-12-2018,-1022.018,2975.943,-898.23,1089.775
02-12-2018,-1009.94,3057.599,-882.443,1078.928
03-12-2018,-1010.815,3023.848,-895.515,1081.885
04-12-2018,-1007.657,3089.016,-893.677,1082.673
05-12-2018,-1012.029,3050.978,-881.845,1083.227
06-12-2018,-1013.654,3212.625,-867.901,1078.768
07-12-2018,-1023.55,3085.556,-880.475,1096.272
08-12-2018,-1020.037,3236.003,-890.928,1092.754
09-12-2018,-1025.736,3142.01,-901.904,1105.448
10-12-2018,-1031.748,3005.191,-916.879,1105.198
11-12-2018,-1025.052,2966.605,-905.729,1095.228
12-12-2018,-1019.273,3211.203,-884.46,1085.354
13-12-2018,-1022.911,3539.127,-883.702,1100.543
14-12-2018,-1049.694,3409.002,-900.373,1126.587
15-12-2018,-1065.499,3275.766,-924.744,1141.573
16-12-2018,-1070.907,3233.537,-927.304,1142.996
17-12-2018,-1063.616,3012.042,-926.2,1142.217
18-12-2018,-1052.076,3120.082,-923.206,1125.389
19-12-2018,-1047.926,3213.6,-913.927,1119.901
20-12-2018,-1049.884,3159.228,-921.151,1126.3
21-12-2018,-1049.398,3159.675,-933.502,1123.606
22-12-2018,-1058.082,3239.792,-933.544,1127.826
23-12-2018,-1066.765,3192.85,-943.712,1131.945
24-12-2018,-1068.415,3089.672,-938.149,1124.801
25-12-2018,-1057.814,3146.09,-938.484,1121.781
26-12-2018,-1061.36,3276.068,-924.328,1117.462
27-12-2018,-1064.397,3185.149,-943.557,1125.626
28-12-2018,-1064.812,3135.986,-936.779,1124.314
29-12-2018,-1061.215,2954.075,-919.395,1116.424
30-12-2018,-1048.456,3035.77,-909.458,1100.509
31-12-2018,-1039.824,3067.513,-908.064,1092.96
01-01-2019,-1031.502,2938.498,-924.922,1097.202
02-01-2019,-1022.603,2718.047,-929.217,1085.012
03-01-2019,-1004.696,2479.737,-894.219,1058.389
04-01-2019,-977.948,2729.663,-852.369,1017.917
05-01-2019,-967.057,2944.603,-833.788,1005.453
06-01-2019,-960.558,2862.773,-833.156,1015.173
07-01-2019,-953.075,3070.498,-832.683,1013.054
08-01-2019,-958.196,3138.973,-834.997,1031.924
09-01-2019,-968.133,2801.377,-846.102,1054.659
10-01-2019,-960.44,2742.026,-856.382,1038.116
11-01-2019,-958.861,2842.765,-836.505,1024.121
12-01-2019,-959.228,2936.749,-835.766,1023.226
13-01-2019,-960.974,2857.215,-826.245,1025.594
14-01-2019,-956.075,3045.169,-837.111,1023.747
15-01-2019,-959.456,2994.258,-835.503,1036.836
16-01-2019,-961.763,3071.614,-861.179,1041.247
17-01-2019,-975.333,2932.66,-860.026,1048.902
18-01-2019,-982.807,2999.159,-862.812,1047.986
19-01-2019,-990.581,3269.84,-879.942,1050.04
20-01-2019,-1005.812,3233.897,-869.766,1077.712
21-01-2019,-1014.742,3411.819,-875.824,1094.503
22-01-2019,-1035.144,3190.742,-894.085,1118.4
23-01-2019,-1038.409,3405.817,-906.558,1116.032
24-01-2019,-1050.206,3225.539,-931.426,1136.42
25-01-2019,-1056.881,3115.342,-956.119,1132.91
26-01-2019,-1062.192,3132,-942.357,1119.981
27-01-2019,-1063.689,3131.97,-916.292,1114.981
28-01-2019,-1049.77,2938.332,-920.951,1111.5
29-01-2019,-1041.123,3307.159,-904.421,1091.771
30-01-2019,-1049.943,3247.448,-911.824,1109.39
31-01-2019,-1057.892,3084.573,-914.259,1118.153
01-02-2019,-1050.839,3189.495,-927.671,1116.746
02-02-2019,-1059.248,3206.275,-916.78,1115.825
03-02-2019,-1056.255,3162.857,-912.565,1126.046
04-02-2019,-1050.466,3170.937,-894.357,1123.634
05-02-2019,-1045.903,3129.47,-905.389,1119.935
06-02-2019,-1037.568,3078.823,-911.307,1117.294
07-02-2019,-1036.577,2875.261,-934.918,1110.566
08-02-2019,-1035.959,2785.171,-913.756,1090.993
09-02-2019,-1015.725,2951.632,-894.006,1071.131
10-02-2019,-1008.597,3116.422,-882.789,1067.479
11-02-2019,-1009.283,3226.832,-878.162,1071.23
12-02-2019,-1014.253,3281.68,-891.88,1090.677
13-02-2019,-1024.529,3127.084,-889.306,1109.98
14-02-2019,-1033.818,3155.103,-892.666,1108.592
15-02-2019,-1035.812,3066.334,-896.988,1107.63
16-02-2019,-1033.969,2967.037,-892.737,1107.293
17-02-2019,-1022.208,2951.921,-884.747,1093.956
18-02-2019,-1014.252,2959.57,-873.548,1081.325
19-02-2019,-1000.423,3147.315,-893.924,1079.692
20-02-2019,-1010.364,3421.895,-899.148,1081.44
21-02-2019,-1034.33,3164.77,-916.967,1111.092
22-02-2019,-1036.72,3320.565,-904.523,1116.971
23-02-2019,-1050.494,3173.254,-903.063,1128.706
24-02-2019,-1049.301,3122.182,-912.818,1127.745
25-02-2019,-1043.789,2987.098,-921.432,1121.259
26-02-2019,-1027.786,3004.141,-911.186,1111.469
27-02-2019,-1030.693,2934.426,-887.294,1100.097
28-02-2019,-1015.347,2858.8,-896.646,1084.75
01-03-2019,-1008.578,3020.499,-875.501,1063.679
02-03-2019,-1005.111,2966.491,-889.148,1063.61
03-03-2019,-997.032,3034.506,-872.137,1064.909
04-03-2019,-994.26,3188.35,-867.405,1070.099
05-03-2019,-1005.855,3133.031,-874.947,1083.344
06-03-2019,-1007.561,3141.998,-879.482,1088.568
07-03-2019,-1011.733,3305.993,-886.873,1091.665
08-03-2019,-1028.527,3275.175,-905.602,1106.721
09-03-2019,-1043.401,3368.728,-910.828,1116.09
10-03-2019,-1057.943,3312.553,-917.882,1133.427
11-03-2019,-1062.059,3266.19,-931.827,1147.712
12-03-2019,-1065.729,2942.401,-940.484,1147.394
13-03-2019,-1048.019,2995.984,-916.32,1121.475
14-03-2019,-1038.16,2985.727,-904.187,1106.006
15-03-2019,-1025.34,2693.407,-896.057,1095.977
16-03-2019,-1001.268,2789.275,-865.859,1061.185
17-03-2019,-986.332,2925.682,-859.914,1045.748
18-03-2019,-978.873,2818.915,-848.361,1043.953
19-03-2019,-968.437,2934.083,-853.104,1028.184
20-03-2019,-968.51,3022.799,-856.381,1031.32
21-03-2019,-971.422,3033.712,-846.703,1041.667
22-03-2019,-976.533,3106.814,-850.137,1053.047
23-03-2019,-985.493,3017.674,-864.548,1063.622
24-03-2019,-991.127,3087.883,-861.055,1056.179
25-03-2019,-993.39,3214.836,-863.169,1065.854
26-03-2019,-1004.605,2950.728,-879.059,1085.565
27-03-2019,-997.479,3278.974,-877.174,1073.804
28-03-2019,-1010.197,3358.525,-888.243,1097.503
29-03-2019,-1031.851,3315.552,-905.477,1116.273
30-03-2019,-1048.806,3453.547,-913.177,1125.775
31-03-2019,-1064.472,3319.044,-926.507,1142.208
01-04-2019,-1066.711,2915.922,-937.286,1143.91
02-04-2019,-1048.846,2652.945,-927.537,1117.54
03-04-2019,-1020.708,2784.406,-896.519,1077.48
04-04-2019,-1001.219,2876.51,-891.531,1058.978
05-04-2019,-993.401,3031.028,-877.946,1051.676
06-04-2019,-996.09,3022.402,-855.473,1050.847
07-04-2019,-995.505,3035.404,-861.832,1051.291
08-04-2019,-1000.224,3226.28,-851.469,1052.916
09-04-2019,-1002.59,3327.769,-862.341,1078.987
10-04-2019,-1018.356,3120.077,-880.989,1105.76
11-04-2019,-1021.486,3088.306,-891.55,1104.084
12-04-2019,-1025.407,3050.111,-915.541,1103.71
13-04-2019,-1027.253,2959.789,-904.443,1096.28
14-04-2019,-1023.993,3037.491,-888.977,1083.974
15-04-2019,-1020.813,3025.437,-902.287,1081.372
16-04-2019,-1013.24,2954.68,-905.122,1078.066
17-04-2019,-1006.426,2937.494,-893.111,1070.852
18-04-2019,-996.059,2680.589,-893.759,1060.448
19-04-2019,-982.92,2819.664,-863.403,1037.453
20-04-2019,-977.123,2666.511,-836.216,1028.819
21-04-2019,-957.198,2714.255,-816.159,1012.359
22-04-2019,-936.549,3001.984,-810.325,1000.552
23-04-2019,-940.762,3063.142,-836.116,1016.214
24-04-2019,-951.54,2764.17,-842.845,1034.271
25-04-2019,-955.415,3044.01,-824.682,1021.966
26-04-2019,-963.277,3115.53,-833.933,1034.973
27-04-2019,-972.106,2839.862,-840.288,1045.561
28-04-2019,-958.298,2880.303,-822.701,1037.612
29-04-2019,-950.719,2825.599,-829.971,1035.916
30-04-2019,-943.669,2787.162,-819.244,1023.527
01-05-2019,-936.532,2778.439,-830.413,1014.048
02-05-2019,-934.683,2639.094,-821.463,1011.684
03-05-2019,-920.134,2749.366,-809.345,996.293
04-05-2019,-921.02,2598.931,-781.388,992.473
05-05-2019,-902.572,2479.476,-754.351,979.65
06-05-2019,-876.286,2687.956,-760.305,958.192
07-05-2019,-875.84,2783.467,-758.139,960.743
08-05-2019,-881.18,2639.99,-761.665,968.948
09-05-2019,-882.604,2782.133,-758.805,967.991
10-05-2019,-889.538,2724.641,-774.211,974.261
11-05-2019,-890.762,2920.201,-775.788,972.057
12-05-2019,-904.11,3069.254,-788.486,987.917
13-05-2019,-922.379,3343.788,-790.951,1012.052
14-05-2019,-952.064,3075.784,-818.282,1052.992
15-05-2019,-962.368,3072.463,-832.367,1054.608
16-05-2019,-978.275,3130.775,-852.396,1062.605
17-05-2019,-994.746,3385.794,-847.908,1075.714
18-05-2019,-1014.414,3188.538,-887.225,1096.472
19-05-2019,-1024.944,3175.331,-894.867,1101.841
20-05-2019,-1034.681,3305.082,-891.057,1103.933
21-05-2019,-1042.458,3367.025,-919.353,1117.181
22-05-2019,-1055.334,3194.822,-921.792,1132.586
23-05-2019,-1057.251,3088.675,-933.391,1126.749
24-05-2019,-1053.221,2861.282,-916.49,1115.509
25-05-2019,-1032.999,2929.499,-914.634,1090.253
26-05-2019,-1027.425,3140.06,-889.36,1077.425
27-05-2019,-1021.234,3157.432,-909.459,1085.897
28-05-2019,-1023.596,3111.321,-894.861,1098.739
29-05-2019,-1026.743,2753.643,-896.88,1093.615
30-05-2019,-1005.487,2844.93,-861.253,1069.267
31-05-2019,-992.287,2608.329,-879.2,1057.03
01-06-2019,-976.803,2632.119,-866.11,1025.514
02-06-2019,-956.073,2728.833,-844.233,1000.754
03-06-2019,-941.434,2857.405,-820.202,993.755
04-06-2019,-940.914,2806.152,-816.718,996.314
05-06-2019,-934.19,2999.991,-817.382,994.278
06-06-2019,-939.726,2907.88,-807.05,1009.991
07-06-2019,-947.36,3036.342,-811.956,1020.278
08-06-2019,-957.148,2815.479,-835.855,1034.413
09-06-2019,-953.439,3059.843,-826.896,1026.785
10-06-2019,-960.83,3058.942,-824.118,1039.293
11-06-2019,-968.215,3012.824,-819.557,1047.575
12-06-2019,-964.781,3110.988,-836.203,1053.511
13-06-2019,-973.818,3000.968,-868.997,1062.145
14-06-2019,-986.377,3032.047,-862.432,1059.565
15-06-2019,-992.705,3267.875,-845.321,1063.473
16-06-2019,-1002.398,3205.222,-878.151,1080.912
17-06-2019,-1012.014,3065.82,-881.723,1093.771
18-06-2019,-1009.498,2931.642,-895.996,1094.534
19-06-2019,-1002.197,3101.855,-897.616,1074.891
20-06-2019,-1010.592,3161.882,-868.942,1077.201
21-06-2019,-1008.526,3168.17,-882.68,1085.795
22-06-2019,-1022.817,2862.515,-896.355,1097.111
23-06-2019,-1011.496,2857.333,-880.055,1080.15
24-06-2019,-1002.922,2906.983,-871.477,1058.883
25-06-2019,-992.67,2842.279,-867.972,1055.613
26-06-2019,-979.433,3118.567,-854.946,1048.368
27-06-2019,-991.446,3185.318,-868.797,1062.962
28-06-2019,-1004.89,2973.135,-872.904,1082.121
29-06-2019,-1005.503,2809.306,-888.704,1076.761
30-06-2019,-995.394,3050.545,-872.155,1056.563
01-07-2019,-999.898,3115.557,-889.016,1062.956
02-07-2019,-1009.37,2939.716,-883.722,1068.879
03-07-2019,-998.538,3015.696,-867.08,1064.873
04-07-2019,-997.592,2928.353,-893.98,1063.954
05-07-2019,-1002.102,3135.687,-860.759,1053.428
06-07-2019,-1002.365,3191.985,-871.38,1065.16
07-07-2019,-1010.641,3167.595,-872.153,1077.84
08-07-2019,-1013.546,3024.465,-891.709,1087.249
09-07-2019,-1010.495,2897.437,-895.146,1083.117
10-07-2019,-999.052,3085.604,-891.042,1067.354
11-07-2019,-1004.511,2919.195,-885.135,1069.927
12-07-2019,-1000.759,2842.268,-866.824,1061.926
13-07-2019,-989.651,2766.426,-874.791,1046.077
14-07-2019,-978.899,2839.475,-877.564,1030.331
15-07-2019,-973.45,2922.972,-855.252,1021.445
16-07-2019,-968.731,2993.581,-854.402,1025.995
17-07-2019,-972.493,3039.834,-857.697,1032.5
18-07-2019,-976.319,3231.217,-845.418,1046.005
19-07-2019,-993.135,3267.043,-880.067,1070.87
20-07-2019,-1011.583,3125.199,-884.205,1087.438
21-07-2019,-1012.013,3193.633,-894.78,1088.958
22-07-2019,-1017.018,3120.684,-885.662,1094.927
23-07-2019,-1018.912,3030.528,-896.071,1096.186
24-07-2019,-1011.917,2835.134,-907.93,1090.564
25-07-2019,-1004.174,3081.95,-910.305,1065.374
26-07-2019,-1012.766,3099.64,-882.185,1071.996
27-07-2019,-1012.539,3100.727,-892.825,1075.948
28-07-2019,-1019.113,3152.83,-881.933,1077.52
29-07-2019,-1017.434,3014.902,-886.625,1087.355
30-07-2019,-1008.031,2987.411,-886.015,1081.379
31-07-2019,-999.434,3054.305,-882.636,1075.7
01-08-2019,-1005.005,3023.17,-885.581,1074.766
02-08-2019,-1010.832,3271.808,-871.642,1077.812
03-08-2019,-1022.153,3155.046,-902.982,1097.534
04-08-2019,-1022.073,3103.872,-912.955,1103.527
05-08-2019,-1025.003,3132.299,-916.265,1098.02
06-08-2019,-1027.545,3116.912,-939.991,1096.046
07-08-2019,-1033.195,3175.171,-930.38,1093.281
08-08-2019,-1042.517,3159.482,-935.741,1098.148
09-08-2019,-1047.937,2937.759,-924.985,1101.554
10-08-2019,-1039.906,2973.583,-906.185,1082.597
11-08-2019,-1028.592,2878.279,-910.321,1078.969
12-08-2019,-1013.482,3210.573,-903.835,1061.425
13-08-2019,-1025.173,3222.387,-878.168,1081.573
14-08-2019,-1022.258,2937.023,-889.045,1095.76
15-08-2019,-1009.35,2899.598,-880.706,1085.625
16-08-2019,-1001.142,3077.435,-855.755,1072.844
17-08-2019,-998.401,3192.107,-872.502,1077.05
18-08-2019,-1010.34,3024.432,-876.76,1091.019
19-08-2019,-1010.208,2851.693,-876.312,1085.994
20-08-2019,-998.329,2897.23,-876.12,1066.225
21-08-2019,-986.783,2811.42,-871.919,1054.644
22-08-2019,-979.951,2909.674,-857.532,1036.06
23-08-2019,-974.365,3164.208,-869.982,1038.769
24-08-2019,-993.5,3043.681,-889.205,1059.493
25-08-2019,-998.021,3054.102,-881.61,1062.761
26-08-2019,-1004,3009.088,-870.438,1065.256
27-08-2019,-1002.207,3085.927,-896.808,1058.364
28-08-2019,-1009.133,3144.736,-886.864,1066.327
29-08-2019,-1017.167,3099.823,-894.848,1078.892
30-08-2019,-1019.329,2912.753,-890.704,1087.307
31-08-2019,-1008.429,2837.498,-874.927,1070.307
01-09-2019,-988.733,2976.026,-861.738,1058.073
02-09-2019,-983.721,2940.116,-860.156,1061.037
03-09-2019,-978.391,2901.271,-860.729,1053.593
04-09-2019,-979.112,3002.321,-844.563,1042.192
05-09-2019,-978.399,3193.73,-847.459,1049.281
06-09-2019,-990.529,3247.642,-858.289,1062.671
07-09-2019,-1003.919,3272.268,-852.556,1081.466
08-09-2019,-1020.287,2999.485,-886.133,1095.963
09-09-2019,-1013.433,2893.207,-885.935,1090.799
10-09-2019,-1007.006,2977.233,-874.675,1076.615
11-09-2019,-996.645,3074.462,-873.375,1072.925
12-09-2019,-1004.558,3065.175,-855.967,1079.242
13-09-2019,-1002.261,2952.06,-854.299,1078.784
14-09-2019,-996.892,2730.737,-861.255,1070.955
15-09-2019,-982.461,2860.988,-851.819,1050.135
16-09-2019,-970.525,2936.38,-847.847,1041.031
17-09-2019,-968.128,2760.802,-834.65,1041.39
18-09-2019,-953.113,2694.547,-840.569,1026.676
19-09-2019,-943.621,2713.149,-815.376,1012.552
20-09-2019,-937.286,2921.663,-797.236,1002.638
21-09-2019,-936.839,2884.277,-788.938,1013.712
22-09-2019,-937.062,2816.834,-785.307,1015.498
23-09-2019,-925.355,2896.021,-785.907,1013.628
24-09-2019,-926.451,3077.821,-806.906,1019.102
25-09-2019,-943.878,3139.636,-818.231,1029.205
26-09-2019,-961.005,2880.02,-842.047,1042.694
27-09-2019,-965.227,3156.485,-846.865,1036.353
28-09-2019,-983.377,3341.273,-847.514,1054.942
29-09-2019,-999.383,3292.211,-857.637,1085.112
30-09-2019,-1010.056,3209.623,-868.888,1101.858
01-10-2019,-1017.426,3183.413,-871.536,1112.762
02-10-2019,-1019.201,3242.421,-884.701,1111.535
03-10-2019,-1036.337,3210.047,-897.393,1115.786
04-10-2019,-1040.403,3175.476,-910.082,1118.918
05-10-2019,-1045.337,3182.604,-909.437,1120.067
06-10-2019,-1048.313,3027.177,-915.75,1121.546
07-10-2019,-1041.2,3422.898,-917.018,1103.963
08-10-2019,-1056.169,3449.021,-935.294,1131.911
09-10-2019,-1077.788,3010.348,-951.211,1153.94
10-10-2019,-1070.105,2915.917,-927.235,1133.817
11-10-2019,-1045.291,2814.206,-889.392,1107.483
12-10-2019,-1021.437,2877.855,-895.536,1086.569
13-10-2019,-1008.508,2956.309,-890.874,1069.859
14-10-2019,-1002.395,2860.34,-881.735,1061.324
15-10-2019,-991.916,2793.217,-880.731,1051.461
16-10-2019,-978.823,2884.375,-867.721,1036.457
17-10-2019,-972.359,2743.278,-872.786,1033.552
18-10-2019,-967.124,3152.655,-846.536,1019.992
19-10-2019,-977.585,3105.073,-852.629,1043.17
20-10-2019,-987.017,3055.843,-857.786,1055.322
21-10-2019,-988.557,3098.099,-875.115,1059.296
22-10-2019,-992.326,3099.227,-867.995,1067.267
23-10-2019,-996.649,2931.414,-868.734,1076.668
24-10-2019,-991.264,2899.646,-869.082,1064.944
25-10-2019,-985.683,3026.818,-841.352,1056.749
26-10-2019,-989.781,3090.67,-862.79,1063.161
27-10-2019,-998.955,3030.171,-860.916,1070.186
28-10-2019,-998.895,3190.467,-869.678,1070.522
29-10-2019,-1010.709,3140.76,-890.45,1087.658
30-10-2019,-1016.682,2866.7,-890.828,1094.886
31-10-2019,-1002.054,2918.85,-877.263,1069.07
01-11-2019,-997.121,2817.037,-882.817,1059.823
02-11-2019,-992.369,2719.087,-879.596,1045.689
03-11-2019,-977.34,2852.232,-849.394,1025.204
04-11-2019,-964.967,3066.437,-839.897,1026.973
05-11-2019,-969.602,3006.891,-840.118,1041.994
06-11-2019,-971.873,3122.917,-863.032,1045.196
07-11-2019,-987.56,3273.673,-876.463,1062.055
08-11-2019,-1007.878,2994.671,-888.155,1082.62
09-11-2019,-1008.947,3135.042,-892.136,1077.058
10-11-2019,-1014.837,2992.312,-894.357,1081.5
11-11-2019,-1005.683,3078.403,-900.765,1075.093
12-11-2019,-1012.831,2928.06,-901.979,1079.721
13-11-2019,-1005.747,2984.561,-894.67,1070.312
14-11-2019,-1006.146,3087.635,-887.25,1065.284
15-11-2019,-1007.71,3248.503,-890.946,1067.598
16-11-2019,-1025.491,2918.909,-905.755,1079.81
17-11-2019,-1014.884,3223.755,-897.559,1065.261
18-11-2019,-1021.187,3206.268,-911.169,1081.054
19-11-2019,-1023.169,3429.013,-914.064,1091.341
20-11-2019,-1045.738,3273.786,-918.541,1117.736
21-11-2019,-1051.751,3080.009,-923.498,1124.604
22-11-2019,-1042.971,3125.4,-923.956,1115.062
23-11-2019,-1044.557,2952.485,-923.054,1111.808
24-11-2019,-1036.931,3070.067,-897.293,1091.032
25-11-2019,-1031.503,3023.334,-897.415,1088.326
26-11-2019,-1024.245,3019.213,-900.075,1083.803
27-11-2019,-1015.72,3009.363,-904.756,1076.559
28-11-2019,-1013.948,2591.085,-910.855,1075.345
29-11-2019,-990.628,2725.378,-888.275,1039.107
30-11-2019,-983.597,2787.248,-869.027,1024.335
01-12-2019,-969.658,2978.976,-859.171,1020.824
02-12-2019,-970.138,3297.656,-861.604,1025.5
03-12-2019,-988.145,3141.095,-882.897,1060.567
04-12-2019,-998.694,3131.573,-889.893,1073.368
05-12-2019,-1007.846,3108.864,-878.682,1080.11
06-12-2019,-1012.699,3183.726,-871.75,1086.396
07-12-2019,-1020.553,3305.924,-867.189,1090.115
08-12-2019,-1029.592,3400.723,-884.075,1108.044
09-12-2019,-1047.128,3307.817,-914.968,1128.861
10-12-2019,-1061.284,3487.118,-929.922,1134.24
11-12-2019,-1081.112,3249.463,-962.38,1150.935
12-12-2019,-1085.629,2975.85,-961.802,1149.943
13-12-2019,-1069.108,2890.566,-922.611,1128.87
14-12-2019,-1041.325,2887.745,-907.224,1104.096
15-12-2019,-1027.94,2891.456,-901.197,1084.385
16-12-2019,-1013.739,3035.58,-889.43,1067.7
17-12-2019,-1014.216,3106.801,-870.901,1074.293
18-12-2019,-1016.734,2840.289,-880.147,1081.197
19-12-2019,-994.794,3030.67,-871.66,1063.694
20-12-2019,-998.131,3118.272,-860.912,1066.752
21-12-2019,-1006.856,3118.3,-854.959,1073.546
22-12-2019,-1008.718,3195.038,-850.488,1081.938
23-12-2019,-1012.253,3238.986,-873.193,1095.146
24-12-2019,-1018.377,3191.699,-882.364,1107.053
25-12-2019,-1022.637,3135.511,-886.445,1113.805
26-12-2019,-1028.145,3424.625,-900.027,1111.316
27-12-2019,-1051.312,3396.54,-924.34,1130.14
28-12-2019,-1066.87,3277.975,-950.891,1142.65
29-12-2019,-1075.196,3379.471,-958.653,1141.172
30-12-2019,-1087.146,2999.273,-974.019,1152.53
31-12-2019,-1072.485,2868.244,-969.604,1127.958
01-01-2020,-1052.373,2804.458,-935.954,1101.976
02-01-2020,-1033.381,2986.565,-922.099,1075.796
03-01-2020,-1026.046,3176.97,-919.744,1066.919
04-01-2020,-1029.198,3200.622,-910.537,1084.619
05-01-2020,-1033.511,2951.256,-907.626,1091.377
06-01-2020,-1019.318,2664.887,-896.643,1076.309
07-01-2020,-988.296,2841.872,-866.582,1051.642
08-01-2020,-976.37,2943.177,-859.573,1039.628
09-01-2020,-976.997,2926.82,-854.665,1038.171
10-01-2020,-973.929,2747.48,-852.261,1036.192
11-01-2020,-959.535,2822.031,-839.179,1023.101
12-01-2020,-961.992,2879.409,-844.889,1016.13
13-01-2020,-956.229,3013.383,-836.277,1018.026
14-01-2020,-963.907,3145.634,-861.07,1034.535
15-01-2020,-984.723,3319.432,-889.333,1052.26
16-01-2020,-1007.38,2920.177,-894.605,1084.734
17-01-2020,-1003.894,2888.011,-892.525,1072.673
18-01-2020,-1005.129,3065.742,-876.1,1056.535
19-01-2020,-1004.744,2963.4,-880.943,1062.811
20-01-2020,-999.022,2899.087,-870.898,1056.669
21-01-2020,-990.741,3149.333,-847.422,1053.654
22-01-2020,-998.716,3064.116,-853.126,1069.374
23-01-2020,-996.995,2899.329,-857.822,1075.151
24-01-2020,-987.45,3174.194,-850.902,1064.161
25-01-2020,-993.13,3114.601,-879.844,1078.615
26-01-2020,-1005.373,3126.98,-877.463,1079.986
27-01-2020,-1010.919,3255.471,-884.08,1088.126
28-01-2020,-1026.414,3028.834,-899.512,1103.386
29-01-2020,-1026.606,2866.173,-899.177,1092.785
30-01-2020,-1008.509,2842.945,-876.658,1078.409
31-01-2020,-1001.43,3159.483,-859.391,1057.168
01-02-2020,-1004.765,3170.541,-869.553,1074.159
02-02-2020,-1007.05,2975.548,-891.156,1087.26
03-02-2020,-997.376,2834.097,-888.362,1077.984
04-02-2020,-986.719,2943.235,-871.068,1059.453
05-02-2020,-991.674,3049.251,-879.091,1055.148
06-02-2020,-991.911,2823.378,-874.882,1057.991
07-02-2020,-980.292,2859.111,-870.076,1044.63
08-02-2020,-982.67,2880.141,-856.097,1036.244
09-02-2020,-976.877,2869.267,-851.835,1031.739
10-02-2020,-967.72,3057.703,-863.735,1029.18
11-02-2020,-972.834,2952.666,-840.501,1038.701
12-02-2020,-969.101,3317.014,-843.222,1043.499
13-02-2020,-991.417,3277.599,-853.648,1073.137
14-02-2020,-1013.196,3133.834,-865.836,1094.543
15-02-2020,-1018.919,3233.47,-865.566,1092.368
16-02-2020,-1027.457,3296.697,-881.446,1105.045
17-02-2020,-1045.089,3343.948,-906.895,1115.904
18-02-2020,-1054.871,3110.699,-939.58,1127.71
19-02-2020,-1047.034,3110.719,-919.617,1121.284
20-02-2020,-1036.612,3495.009,-930.442,1114.863
21-02-2020,-1056.769,3428.473,-934.566,1146.499
22-02-2020,-1077.01,3271.601,-936.694,1154.589
23-02-2020,-1079.373,3175.919,-938.317,1151.868
24-02-2020,-1074.866,3081.232,-940.886,1140.873
25-02-2020,-1061.899,2821.937,-926.168,1130.623
26-02-2020,-1039.092,2939.794,-919.89,1105.67
27-02-2020,-1027.922,2836.069,-912.265,1091.949
28-02-2020,-1011.146,3092.009,-902.87,1068.199
29-02-2020,-1016.132,2946.832,-897.605,1076.182
01-03-2020,-1006.619,3032.445,-899.828,1065.94
02-03-2020,-1001.524,3156.531,-884.763,1065.674
03-03-2020,-1007.626,3340.58,-869.079,1079.657
04-03-2020,-1025.683,3195.233,-885.775,1102.058
05-03-2020,-1025.133,3014.405,-905.073,1111.63
06-03-2020,-1025.592,2963.797,-895.804,1095.266
07-03-2020,-1021.228,3021.331,-874.96,1086.192
08-03-2020,-1014.925,3002.498,-878.469,1079.523
09-03-2020,-1007.763,3367.428,-876.499,1076.626
10-03-2020,-1024.36,3252.815,-902.427,1103.265
11-03-2020,-1031.469,3278.117,-902.457,1116.622
12-03-2020,-1043.774,3361.266,-896.694,1120.089
13-03-2020,-1052.371,3016.594,-909.262,1136.037
14-03-2020,-1044.18,3010.558,-915.808,1117.532
15-03-2020,-1035.694,3020.925,-929.469,1105.324
16-03-2020,-1031.899,2932.379,-939.15,1090.768
17-03-2020,-1025.473,2838.853,-928.248,1079.769
18-03-2020,-1011.578,3129.359,-892.286,1060.881
19-03-2020,-1015.996,2879.313,-887.563,1074.111
20-03-2020,-1001.783,2979.661,-884.481,1068.181
21-03-2020,-1001.447,2948.158,-869.137,1065.256
22-03-2020,-993.032,2919.138,-860.662,1062.658
23-03-2020,-985.402,3023.307,-865.268,1058.488
24-03-2020,-987.13,2988.361,-846.767,1061.71
25-03-2020,-982.441,3162.841,-854.713,1061.744
26-03-2020,-993.404,3172.604,-848.99,1070.198
27-03-2020,-998.314,3135.652,-877.839,1082.201
28-03-2020,-1005.863,3298.342,-884.616,1085.689
29-03-2020,-1025.328,3435.695,-897.692,1101.741
30-03-2020,-1047.906,3453.135,-918.569,1126.767
31-03-2020,-1067.609,3241.781,-961.725,1145.215
01-04-2020,-1077.737,3106.803,-941.471,1145.62
02-04-2020,-1071.377,2933.1,-939.168,1135.183
03-04-2020,-1057.734,2957.432,-924.18,1113.103
04-04-2020,-1041.575,3257.971,-923.44,1093.911
05-04-2020,-1050.544,3339.919,-914.297,1108.818
06-04-2020,-1060.475,3230.484,-924.899,1128.391
07-04-2020,-1061.533,3245.125,-928.426,1131.436
08-04-2020,-1058.346,3373.033,-923.456,1135.155
09-04-2020,-1065.996,3371.579,-936.413,1145.385
10-04-2020,-1084.155,3310.767,-947.652,1160.961
11-04-2020,-1088.822,2983.806,-953.912,1164.56
12-04-2020,-1072.543,3073.779,-923.591,1137.881
13-04-2020,-1061.112,2977.653,-917.755,1130.163
14-04-2020,-1041.625,3222.3,-925.574,1110.714
15-04-2020,-1042.942,3214.005,-936.925,1119.143
16-04-2020,-1052.282,3034.045,-914.474,1117.224
17-04-2020,-1045.761,3007.454,-916.516,1102.117
18-04-2020,-1040.767,3072.765,-907.848,1095.826
19-04-2020,-1031.073,3041.497,-927.096,1094.724
20-04-2020,-1025.832,2930.557,-910.174,1085.072
21-04-2020,-1014.764,2943.409,-883.461,1070.835
22-04-2020,-1007.695,2859.626,-862.765,1063.051
23-04-2020,-993.356,2870.704,-855.2,1054.563
24-04-2020,-986.495,2998.114,-845.832,1043.609
25-04-2020,-981.09,3099.4,-863.437,1049.252
26-04-2020,-985.377,3146.906,-852.874,1064.153
27-04-2020,-992.023,3150.455,-884.192,1074.615
28-04-2020,-997.571,3142.335,-893.595,1080.023
29-04-2020,-1010.641,3124.748,-898.78,1086.778
30-04-2020,-1017.776,3074.945,-902.269,1094.421
01-05-2020,-1026.823,2925.166,-899.455,1091.515
02-05-2020,-1014.274,3049.11,-887.226,1074.043
03-05-2020,-1015.302,2822.087,-885.957,1075.415
04-05-2020,-996.827,3181.324,-884.166,1052.885
05-05-2020,-1011.316,3179.087,-880.523,1067.198
06-05-2020,-1014.956,3219.131,-889.171,1084.585
07-05-2020,-1025.175,3260.791,-907.346,1098.527
08-05-2020,-1035.475,3049.769,-921.114,1107.723
09-05-2020,-1035.432,2980.123,-912.668,1106.984
10-05-2020,-1023.632,3298.504,-905.485,1096.751
11-05-2020,-1035.766,3121.77,-910.095,1108.685
12-05-2020,-1032.532,3007.795,-907.294,1107.278
13-05-2020,-1025.818,2996.859,-903.3,1094.658
14-05-2020,-1022.446,2848.887,-903.051,1087.849
15-05-2020,-1010.029,3119.503,-901.852,1071.07
16-05-2020,-1014.095,3143.041,-895.26,1078.739
17-05-2020,-1021.66,3073.846,-894.417,1085.178
18-05-2020,-1018.546,3217.253,-894.38,1087.743
19-05-2020,-1026.148,3455.619,-902.561,1100.613
20-05-2020,-1048.86,3265.405,-907.441,1126.836
21-05-2020,-1058.562,3428.621,-919.869,1130.865
22-05-2020,-1074.111,3461.672,-930.744,1146.809
23-05-2020,-1089.344,3420.487,-947.942,1154.133
24-05-2020,-1097.733,3452.656,-959.548,1163.362
25-05-2020,-1107.956,3455.944,-956.205,1173.378
26-05-2020,-1109.404,3018.312,-987.62,1184.631
27-05-2020,-1090.838,2992.294,-984.348,1150.139
28-05-2020,-1080.683,2926.118,-954.279,1130.191
29-05-2020,-1066.471,2815.558,-945,1106.587
30-05-2020,-1044.351,3066.964,-924.584,1079.743
31-05-2020,-1045.745,2843.396,-907.914,1082.166
01-06-2020,-1021.657,2972.597,-905.523,1064.131
02-06-2020,-1009.519,3097.876,-910.036,1063.944
03-06-2020,-1014.459,3189.634,-910.592,1071.662
04-06-2020,-1030.987,3157.724,-907.561,1083.532
05-06-2020,-1035.149,3219.114,-907.375,1094.364
06-06-2020,-1040.021,3338.248,-931.982,1100.01
07-06-2020,-1049.079,3401.441,-929.612,1117.401
08-06-2020,-1065.17,3305.696,-937.938,1137.831
09-06-2020,-1070.879,2829.374,-940.928,1140.481
10-06-2020,-1050.05,2612.715,-912.979,1107.065
11-06-2020,-1012.378,2755.091,-901.417,1061.662
12-06-2020,-998.871,2998.989,-881.891,1042.899
13-06-2020,-998.231,3249.178,-892.376,1047.726
14-06-2020,-1013.539,3074.006,-895.243,1066.243
15-06-2020,-1013.537,3178.984,-871.585,1070.56
16-06-2020,-1014.82,3242.249,-879.899,1088.133
17-06-2020,-1019.158,3253.898,-886.204,1105.768
18-06-2020,-1031.977,3194.58,-892.078,1115.928
19-06-2020,-1036.92,2946.268,-900.975,1123.067
20-06-2020,-1026.369,2999.122,-875.5,1105.268
21-06-2020,-1017.8,2962.341,-864.526,1095.249
22-06-2020,-1006.043,3012.282,-867.28,1080.912
23-06-2020,-1002.727,2988.816,-874.104,1077.838
24-06-2020,-1001.804,3099.599,-863.611,1069.219
25-06-2020,-1000.441,2914.602,-860.164,1072.93
26-06-2020,-990.667,3203.251,-863.647,1068.955
27-06-2020,-1003.95,3073.243,-858.878,1080.34
28-06-2020,-1001.976,2827.391,-851.364,1085.019
29-06-2020,-986.195,3030.365,-845.199,1062.437
30-06-2020,-985.026,3095.817,-839.259,1059.78
01-07-2020,-988.525,3017.514,-850.452,1068.652
02-07-2020,-987.431,3224.754,-880.627,1070.62
03-07-2020,-1007.177,3041.376,-893.03,1084.321
04-07-2020,-1013.197,2962.432,-877.965,1077.123
05-07-2020,-1008.272,2966.865,-866.298,1069.3
06-07-2020,-999.293,3196.673,-865.253,1064.255
07-07-2020,-1009.304,3350.38,-887.8,1075.599
08-07-2020,-1025.419,3387.434,-904.988,1102.618
09-07-2020,-1042.429,3153.602,-928.007,1132.347
10-07-2020,-1052.056,3137.014,-927.82,1119.669
11-07-2020,-1054.356,2921.782,-937.216,1118.688
12-07-2020,-1044.585,3302.534,-903.139,1100.641
13-07-2020,-1046.016,3087.528,-912.822,1115.22
14-07-2020,-1037.604,3197.75,-919.13,1109.152
15-07-2020,-1043.451,3238.65,-924.125,1114.37
16-07-2020,-1051.549,3158.374,-928.225,1121.57
17-07-2020,-1054.358,3150.925,-909.794,1122.2
18-07-2020,-1053.617,3151.216,-919.738,1118.254
19-07-2020,-1045.925,3044.774,-928.313,1112.861
20-07-2020,-1041.964,2924.242,-930.221,1106.285
21-07-2020,-1027.563,2843.924,-917.339,1086.854
22-07-2020,-1012.921,2774.64,-913.932,1066.255
23-07-2020,-1001.394,3195.455,-885.359,1051.685
24-07-2020,-1014.521,3205.506,-886.23,1072.015
25-07-2020,-1018.324,3087.748,-877.572,1085.995
26-07-2020,-1023.7,3013.089,-869.538,1082.108
27-07-2020,-1012.803,2905.971,-875.195,1077.883
28-07-2020,-999.928,2897.899,-880.701,1061.542
29-07-2020,-987.72,2858.542,-875.86,1051.441
30-07-2020,-979.361,3262.061,-867.225,1047.229
31-07-2020,-998.176,3152.849,-867.221,1069.984
01-08-2020,-1005.037,3377.685,-877.652,1082.278
02-08-2020,-1024.548,3440.684,-901.903,1111.779
03-08-2020,-1049.43,3349.983,-908.732,1133.954
04-08-2020,-1061.933,3073.702,-919.771,1138.626
05-08-2020,-1045.731,3107.546,-917.751,1123.015
06-08-2020,-1046.949,3051.825,-920.74,1108.414
07-08-2020,-1051.402,3082.278,-925.627,1103.005
08-08-2020,-1044.907,3024.144,-917.084,1101.562
09-08-2020,-1037.278,3201.417,-910.328,1099.255
10-08-2020,-1037.858,3388.911,-919.925,1111.3
11-08-2020,-1048.986,3429.843,-930.292,1122.779
12-08-2020,-1062.887,3392.332,-923.934,1138.413
13-08-2020,-1071.681,3162.066,-938.949,1147.823
14-08-2020,-1072.623,2954.398,-937.084,1140.194
15-08-2020,-1057.959,3260.166,-936.462,1122.557
16-08-2020,-1063.131,3068.841,-936.784,1129.138
17-08-2020,-1049.671,3021.157,-938.779,1120.308
18-08-2020,-1041.242,2920.863,-905.522,1107.057
19-08-2020,-1022.986,3035.58,-903.137,1096.399
20-08-2020,-1016.644,3209.996,-922.014,1090.554
21-08-2020,-1027.796,3163.417,-916.46,1098.171
22-08-2020,-1033.976,3026.042,-922.981,1101.101
23-08-2020,-1038.098,3024.478,-887.834,1087.85
24-08-2020,-1027.58,2668.654,-888.742,1086.718
25-08-2020,-995.527,2724.465,-864.066,1053.198
26-08-2020,-975.944,2657.955,-875.649,1031.404
27-08-2020,-956.451,2746.64,-847.614,1010.317
28-08-2020,-954.069,2886.418,-828.312,1001.487
29-08-2020,-950.498,2977.041,-828.728,1008.524
30-08-2020,-953.73,2839.597,-831.302,1020.34
31-08-2020,-953.958,3078.121,-823.221,1014.831
01-09-2020,-959.758,3074.608,-841.694,1031.686
02-09-2020,-964.177,3138.124,-827.042,1050.559
03-09-2020,-980.074,3249.218,-862.051,1059.814
04-09-2020,-997.878,3131.333,-886.856,1079.828
05-09-2020,-1014.08,2955.072,-900.161,1080.191
06-09-2020,-1012.156,2942.011,-883.311,1070.556
07-09-2020,-1009.534,3074.257,-885.596,1058.708
08-09-2020,-1007.955,2966.933,-897.176,1066.769
09-09-2020,-1003.425,3211.582,-888.307,1062.932
10-09-2020,-1015.754,3292.419,-904.737,1074.364
11-09-2020,-1030.215,3172.8,-927.337,1096.602
12-09-2020,-1036.241,2915.058,-930.186,1103.984
13-09-2020,-1024.618,2959.267,-894.99,1085.336
14-09-2020,-1014.53,3174.367,-877.092,1080.389
15-09-2020,-1013.735,3192.39,-903.862,1088.216
16-09-2020,-1024.633,3195.686,-880.682,1097.932
17-09-2020,-1030.396,3153.5,-881.316,1103.786
18-09-2020,-1031.531,3260.138,-886.487,1108.301
19-09-2020,-1039.429,3109.09,-909.948,1118.226
20-09-2020,-1041.939,3250.094,-919.897,1112.355
21-09-2020,-1050.115,3218.087,-928.202,1121.826
22-09-2020,-1055.249,3232.775,-951.899,1121.116
23-09-2020,-1061.91,2919.698,-962.718,1122.258
24-09-2020,-1048.998,2889.415,-936.626,1099.989
25-09-2020,-1031.442,2965.288,-912.998,1086.774
26-09-2020,-1024.888,2869.182,-892.482,1077.9
27-09-2020,-1003.097,2987.22,-878.324,1066.346
28-09-2020,-999.174,3124.865,-867.75,1067.362
29-09-2020,-1004.041,3120.11,-851.82,1073.914
30-09-2020,-1003.958,3118.41,-881.488,1082.618
01-10-2020,-1011.731,3071,-889.246,1083.293
02-10-2020,-1013.277,3100.468,-876.556,1082.41
03-10-2020,-1016.27,3203.061,-867.011,1081.16
04-10-2020,-1024.981,3170.471,-882.044,1092.28
05-10-2020,-1026.861,3101.787,-889.328,1097.102
06-10-2020,-1021.998,3034.288,-904.876,1100.704
07-10-2020,-1023.699,3239.951,-902.287,1091.53
08-10-2020,-1031.346,2995.905,-915.587,1102.242
09-10-2020,-1029.87,3133.104,-897.306,1099.425
10-10-2020,-1035.356,3190.974,-896.607,1102.012
11-10-2020,-1037.161,3090.654,-894.798,1100.18
12-10-2020,-1027.353,3119.364,-905.933,1096.796
13-10-2020,-1024.54,3169.463,-903.415,1094.439
14-10-2020,-1024.079,3183.53,-890.65,1098.268
15-10-2020,-1031.496,3380.037,-901.697,1104.808
16-10-2020,-1048.9,3292.329,-923.808,1122.124
17-10-2020,-1058.864,3080.404,-934.156,1128.622
18-10-2020,-1055.205,3027.549,-928.172,1119.219
19-10-2020,-1050.153,3306.587,-914.747,1103.328
20-10-2020,-1053.153,3357.354,-934.172,1120.281
21-10-2020,-1062.56,3217.564,-927.287,1136.812
22-10-2020,-1064.131,2907.692,-943.004,1137.114
23-10-2020,-1055.884,2554.865,-935.7,1108.561
24-10-2020,-1021.925,2687.548,-892.793,1057.836
25-10-2020,-993.05,2851.943,-862.985,1033.363
26-10-2020,-983.014,2719.194,-859.481,1032.686
27-10-2020,-962.997,2849.109,-851.04,1018.005
28-10-2020,-956.134,2653.601,-833.649,1020.048
29-10-2020,-940.217,2783.688,-807.718,999.092
30-10-2020,-928.363,2863.37,-792.653,996.365
31-10-2020,-928.347,3018.826,-799.788,1002.302
01-11-2020,-941.048,3015.284,-798.32,1020.501
02-11-2020,-946.529,2933.549,-812.046,1033.368
03-11-2020,-948.834,3210.463,-833,1031.378
04-11-2020,-966.819,2867.331,-842.773,1054.672
05-11-2020,-961.75,3050.765,-827.607,1042.1
06-11-2020,-968.492,3029.32,-824.303,1052.866
07-11-2020,-971.083,2909.352,-830.48,1059.737
08-11-2020,-971.589,2920.755,-835.224,1055.426
09-11-2020,-969.325,2884.917,-843.991,1050.926
10-11-2020,-964.874,2874.453,-856.702,1046.145
11-11-2020,-967.773,2780.646,-850.755,1042.09
12-11-2020,-964.456,2769.468,-834.193,1026.857
13-11-2020,-957.852,2890.633,-823.002,1014.299
14-11-2020,-951.031,3018.748,-819.446,1022.202
15-11-2020,-955.424,3320.527,-826.295,1033.076
16-11-2020,-974.147,3246.989,-877.1,1059.928
17-11-2020,-993.443,3413.297,-869.132,1077.688
18-11-2020,-1019.769,3448.982,-904.183,1106.416
19-11-2020,-1046.401,3232.615,-907.468,1125.646
20-11-2020,-1052.144,3019.09,-906.417,1129.173
21-11-2020,-1040.633,3220.057,-918.207,1114.234
22-11-2020,-1045.468,3061.208,-919.047,1123.316
23-11-2020,-1040.932,3120.442,-904.166,1111.437
24-11-2020,-1039.873,3003.229,-911.148,1107.144
25-11-2020,-1028.811,2938.889,-913.276,1095.195
26-11-2020,-1023.308,3032.939,-913.282,1078.452
27-11-2020,-1024.112,3008.476,-901.719,1077.31
28-11-2020,-1021.059,2953.065,-867.408,1074.918
29-11-2020,-1011.504,2899.9,-856.89,1072.005
30-11-2020,-992.909,2799.605,-868.257,1061.986
01-12-2020,-976.543,2694.067,-850.452,1045.598
02-12-2020,-966.409,2806.688,-850.357,1028.248
03-12-2020,-958.301,2997.904,-829.29,1015.755
04-12-2020,-961.791,3076.704,-831,1025.474
05-12-2020,-970.601,3077.588,-819.341,1038.388
06-12-2020,-975.062,3123.088,-839.324,1045.691
07-12-2020,-980.639,3040.7,-851.734,1061.936
08-12-2020,-976.694,3145.929,-857.555,1066.198
09-12-2020,-983.963,3376.299,-869.572,1076.684
10-12-2020,-1007.729,3272.746,-886.685,1099.453
11-12-2020,-1029.47,3192.837,-877.399,1110.339
12-12-2020,-1031.516,3253.061,-900.054,1115.877
13-12-2020,-1043.044,3310.089,-896.849,1121.852
14-12-2020,-1051.466,3108.395,-908.125,1130.193
15-12-2020,-1049.31,3182.511,-920.819,1120.609
16-12-2020,-1051.12,3424.862,-937.741,1121.303
17-12-2020,-1074.836,3264.838,-956.408,1140.146
18-12-2020,-1080.248,3341.321,-928.913,1138.762
19-12-2020,-1084.262,3102.252,-935.514,1149.977
20-12-2020,-1068.477,3246.325,-931.735,1136.859
21-12-2020,-1067.567,3089.634,-944.529,1132.509
22-12-2020,-1055.257,3314.657,-949.756,1125.051
23-12-2020,-1064.334,3130.735,-960.823,1131.322
24-12-2020,-1064.8,2822.154,-952.279,1123.284
25-12-2020,-1046.063,2903.179,-927.758,1093.617
26-12-2020,-1042.085,2983.934,-911.07,1078.108
27-12-2020,-1026.426,2869.328,-910.134,1069.386
28-12-2020,-1017.774,2833.554,-883.85,1057.948
29-12-2020,-995.394,2788.429,-876.485,1048.609
30-12-2020,-979.721,2968.787,-857.65,1036.964
31-12-2020,-976.825,2741.48,-846.409,1040.252
01-01-2021,-964.683,2893.264,-825.576,1020.722
02-01-2021,-959.902,2915.041,-821.372,1019.6
03-01-2021,-958.959,2920.843,-844.375,1027.416
04-01-2021,-958.636,2863.065,-834.596,1028.723
05-01-2021,-952.795,2791.734,-832.158,1021.963
06-01-2021,-943.582,2974.047,-821.424,1012.528
07-01-2021,-948.511,3065.69,-830.285,1023.563
08-01-2021,-959.106,2998.17,-835.236,1035.768
09-01-2021,-961.25,3091.257,-835.08,1041.55
10-01-2021,-972.878,3036.302,-844.788,1052.728
11-01-2021,-976.882,2822.272,-862.928,1056.486
12-01-2021,-968.959,2945.017,-841.61,1041.767
13-01-2021,-965.163,3093.576,-843.96,1042.54
14-01-2021,-975.033,3150.459,-843.397,1053.442
15-01-2021,-985.402,2986.149,-853.495,1068.428
16-01-2021,-987.331,2861.655,-874.189,1070.785
17-01-2021,-982.463,2821.763,-861.219,1054.7
18-01-2021,-974.848,2741.301,-857.105,1041.752
19-01-2021,-962.771,2824.18,-832.244,1027.568
20-01-2021,-951.165,2816.019,-828.828,1021.976
21-01-2021,-944.584,2701.721,-831.177,1016.112
22-01-2021,-937.282,2951.472,-807.408,1007.615
23-01-2021,-939.105,2892.991,-800.216,1019.826
24-01-2021,-932.143,2997.115,-817.003,1022.401
25-01-2021,-943.343,2887.723,-820.812,1028.442
26-01-2021,-940.701,2927.219,-815.432,1031.777
27-01-2021,-945.855,3005.563,-832.792,1034.316
28-01-2021,-950.711,2822.028,-845.296,1044.554
29-01-2021,-950.853,3093.188,-832.08,1033.645
30-01-2021,-967.335,3090.946,-821.89,1049.51
31-01-2021,-971.097,3244.571,-826.992,1057.479
01-02-2021,-989.692,3259.593,-859.962,1071.88
02-02-2021,-1004.76,3115.02,-874.872,1089.751
03-02-2021,-1007.994,3061.664,-872.5,1090.999
04-02-2021,-1007.888,3132.312,-890.355,1086.797
05-02-2021,-1019.695,3067.301,-886.65,1086.59
06-02-2021,-1017.736,3141.698,-857.354,1084.024
07-02-2021,-1012.138,2886.98,-872.194,1091.8
08-02-2021,-999.137,3124.621,-876.726,1081.033
09-02-2021,-1003.205,3155.408,-894.64,1084.366
10-02-2021,-1013.986,2851.482,-901.497,1092.721
11-02-2021,-1004.536,3007.176,-893.668,1068.676
12-02-2021,-1010.866,3190.959,-871.222,1061.019
13-02-2021,-1016.417,3217.59,-873.874,1074.935
14-02-2021,-1020.201,3161.389,-879.685,1088.966
15-02-2021,-1024.171,3190.691,-890.86,1094.434
16-02-2021,-1024.01,3103.155,-896.009,1099.282
17-02-2021,-1033.046,3150.244,-909.943,1095.242
18-02-2021,-1034.229,3064.799,-899.894,1100.496
19-02-2021,-1030.622,3099.055,-915.209,1096.294
20-02-2021,-1030.914,3198.763,-910.644,1092.913
21-02-2021,-1041.175,3143.412,-918.94,1103.71
22-02-2021,-1043.472,3109.092,-913.667,1107.008
23-02-2021,-1043.263,3126.082,-917.995,1108.809
24-02-2021,-1038.98,3057.139,-923.594,1107.708
25-02-2021,-1038.62,3225.051,-905.511,1100.569
26-02-2021,-1046.801,2761.362,-895.363,1106.506
27-02-2021,-1017.88,2714.868,-890.649,1080.896
28-02-2021,-997.794,2837.126,-876.693,1047.79
01-03-2021,-983.115,2927.975,-863.279,1041.164
02-03-2021,-978.117,2677.226,-854.633,1039.589
03-03-2021,-961.065,2751.895,-846.399,1013.423
04-03-2021,-950.325,2858.524,-815.747,1005.87
05-03-2021,-946.049,2847.763,-820.344,1008.748
06-03-2021,-947.96,2888.665,-819.542,1012.319
07-03-2021,-946.923,3100.931,-828.961,1014.724
08-03-2021,-957.709,2877.191,-821.304,1033.057
09-03-2021,-956.46,2786.015,-824.85,1033.362
10-03-2021,-948.903,2989.62,-826.105,1023.359
11-03-2021,-952.853,3350.093,-835.67,1032.627
12-03-2021,-988.324,2994.667,-850.738,1066.7
13-03-2021,-992.506,2886.662,-853.614,1065.624
14-03-2021,-984.339,2926.8,-849.454,1054.299
15-03-2021,-971.285,2908.997,-856.836,1050.264
16-03-2021,-977.688,3017.969,-846.078,1045.388
17-03-2021,-979.61,3081.467,-859.417,1050.585
18-03-2021,-985.809,2882.062,-859.069,1051.766
19-03-2021,-980.721,3145.431,-867.25,1044.516
20-03-2021,-990.604,3064.755,-862.095,1060.399
21-03-2021,-996.113,3086.297,-877.885,1065.377
22-03-2021,-998.977,3127.847,-873.551,1072.037
23-03-2021,-1002.589,2967.939,-884.86,1078.036
24-03-2021,-1002.787,2901.315,-880.039,1073.003
25-03-2021,-992.902,3090.456,-861.651,1057.93
26-03-2021,-990.793,3277.46,-865.07,1067.108
27-03-2021,-1008.27,3429.933,-872.68,1084.134
28-03-2021,-1028.23,3233.122,-896.121,1109.892
29-03-2021,-1034.479,3381.075,-897.699,1116.631
30-03-2021,-1047.146,3082.857,-917.216,1134.468
31-03-2021,-1042.74,3153.283,-909.432,1123.69
01-04-2021,-1047.801,2897.207,-913.43,1120.979
02-04-2021,-1029.542,3143.294,-903.522,1094.042
03-04-2021,-1032.505,3057.292,-901.795,1099.463
04-04-2021,-1028.969,2907.545,-899.935,1094.017
05-04-2021,-1014.612,3216.431,-884.772,1083.448
06-04-2021,-1017.342,3205.134,-885.38,1099.097
07-04-2021,-1025.931,3118.019,-894.949,1108.582
08-04-2021,-1030.752,2932.504,-908.525,1107.857
09-04-2021,-1024.089,2872.394,-880.056,1094.589
10-04-2021,-1010.543,2928.031,-867.152,1075.356
11-04-2021,-993.487,3095.038,-859.621,1061.385
12-04-2021,-996.694,3228.699,-869.752,1065.829
13-04-2021,-1002.327,3233.452,-859.22,1080.828
14-04-2021,-1011.166,3492.697,-893.657,1094.345
15-04-2021,-1037.392,3415.641,-905.384,1123.941
16-04-2021,-1053.902,3067.812,-949.895,1141.141
17-04-2021,-1051.351,3197.007,-925.535,1123.809
18-04-2021,-1056.067,3014.589,-943.457,1116.084
19-04-2021,-1045.35,3240.473,-935.183,1100.346
20-04-2021,-1056.306,3119.853,-927.325,1114.227
21-04-2021,-1048.634,3085.606,-913.405,1114.201
22-04-2021,-1036.55,3321.193,-907.965,1108.169
23-04-2021,-1059.667,3018.778,-908.748,1122.455
24-04-2021,-1051.859,2924.764,-906.756,1108.965
25-04-2021,-1034.574,3228.622,-894.813,1091.549
26-04-2021,-1041.745,3314.36,-896.253,1105.328
27-04-2021,-1050.363,3469.3,-920.027,1121.611
28-04-2021,-1063.825,3115.937,-925.529,1145.712
29-04-2021,-1060.562,2996.088,-934.164,1131.176
30-04-2021,-1052.847,3208.422,-939.697,1112.061
01-05-2021,-1061.064,2818.654,-943.505,1121.072
02-05-2021,-1041.374,2658.994,-917.316,1088.446
03-05-2021,-1011.438,2945.247,-891.554,1061.047
04-05-2021,-1000.903,2760.589,-892.641,1062.382
05-05-2021,-984.401,2634.97,-867.712,1051.735
06-05-2021,-968.641,2582.351,-842.115,1026.235
07-05-2021,-945.002,2957.133,-814.479,1003.577
08-05-2021,-948.886,2982.429,-832.419,1016.391
09-05-2021,-958.141,3103.609,-855.245,1023.282
10-05-2021,-973.423,3128.024,-863.142,1043.182
11-05-2021,-984.088,3218.979,-881.012,1059.772
12-05-2021,-999.242,3118.018,-892.332,1073.357
13-05-2021,-1005.399,2940.798,-894.937,1079.043
14-05-2021,-1007.77,3087.79,-881.965,1073.695
15-05-2021,-1011.077,3098.482,-880.564,1081.229
16-05-2021,-1010.377,2966.11,-891.201,1081.958
17-05-2021,-1002.526,3043.004,-876.494,1073.964
18-05-2021,-998.369,2789.793,-871.818,1074.655
19-05-2021,-985.588,2671.176,-862.857,1052.137
20-05-2021,-964.647,3050.291,-844.83,1024.411
21-05-2021,-970.282,3336.65,-837.801,1037.7
22-05-2021,-993.005,3187.031,-834.619,1073.451
23-05-2021,-998.227,3129.979,-843.195,1081.418
24-05-2021,-998.624,3218.629,-874.595,1086.429
25-05-2021,-1009.964,3032.376,-883.064,1099.061
26-05-2021,-1011.762,2780.406,-871.447,1091.213
27-05-2021,-991.087,2779.084,-850.166,1066.258
28-05-2021,-972.35,2691.602,-846.595,1049.512
29-05-2021,-958.165,2832.92,-823.654,1023.804
30-05-2021,-954.835,2872.604,-828.355,1015.034
31-05-2021,-947.245,2769.494,-822.882,1017.91
01-06-2021,-936.154,2912.452,-812.979,1004.054
02-06-2021,-940.957,2936.289,-799.716,1011.864
03-06-2021,-941.357,2819.548,-808.053,1022.13
04-06-2021,-940.865,3070.463,-810.627,1016.274
05-06-2021,-956.68,3011.215,-812.355,1032.747
06-06-2021,-963.537,3017.04,-827.009,1043.751
07-06-2021,-966.873,2920.175,-848.564,1047.635
08-06-2021,-960.631,3091.261,-855.656,1041.949
09-06-2021,-970.525,3329.197,-847.111,1051.881
10-06-2021,-996.493,3167.593,-874.013,1082.827
11-06-2021,-1010.783,3116.54,-895.07,1090.514
12-06-2021,-1014.698,3025.906,-884.337,1090.106
13-06-2021,-1009.87,3017.356,-888.689,1083.514
14-06-2021,-1000.877,3053.959,-904.958,1078.591
15-06-2021,-1009.573,3024.686,-892.787,1078.781
16-06-2021,-1007.711,3071.127,-882.201,1075.987
17-06-2021,-1007.829,3074.812,-875.378,1075.1
18-06-2021,-1015.331,2926.935,-865.733,1078.381
19-06-2021,-1003.702,2836.106,-875.436,1072.222
20-06-2021,-990.738,3096.722,-861.133,1053.618
21-06-2021,-995.876,2922.367,-866.064,1070.668
22-06-2021,-984.765,2927.39,-856.981,1065.99
23-06-2021,-981.743,3026.78,-840.135,1058.817
24-06-2021,-980.244,2844.475,-860.757,1054.794
25-06-2021,-973.27,2849.039,-865.116,1044.932
26-06-2021,-969.135,2943.021,-842.717,1039.786
27-06-2021,-965.241,2900.189,-850.436,1040.04
28-06-2021,-965.442,2765.911,-841.053,1040.119
29-06-2021,-951.488,2943.145,-839.866,1027.405
30-06-2021,-951.132,2986.495,-821.782,1032.577
01-07-2021,-957.766,3208.435,-827.213,1038.382
02-07-2021,-973.26,3153.413,-845.482,1060.005
03-07-2021,-983.886,3035.142,-865.276,1069.733
04-07-2021,-984.282,3160.235,-864.236,1070.891
05-07-2021,-994.827,3039.014,-870.833,1078.557
06-07-2021,-998.278,2924.383,-875.018,1080.257
07-07-2021,-992.143,2907.982,-870.98,1070.202
08-07-2021,-989.078,3212.154,-866.568,1058.093
09-07-2021,-1006.548,3228.77,-893.223,1076.901
10-07-2021,-1025.87,3328.506,-888.692,1091.809
11-07-2021,-1034.433,3095.813,-896.373,1112.887
12-07-2021,-1028.227,3178.022,-905.673,1107.531
13-07-2021,-1031.179,2823.59,-887.492,1107.313
14-07-2021,-1012.721,2769.705,-871.323,1083.718
15-07-2021,-988.079,2757.37,-870.607,1059.902
16-07-2021,-974.428,2662.31,-859.64,1037.303
17-07-2021,-959.4,2969.701,-850.551,1020.757
18-07-2021,-960.771,3354.047,-813.799,1029.714
19-07-2021,-985.589,3275.534,-860.526,1068.716
20-07-2021,-1001.999,3363.002,-864.07,1088.284
21-07-2021,-1019.579,3318.151,-880.867,1107.758
22-07-2021,-1036.001,3125.982,-897.478,1121.023
23-07-2021,-1042.027,3088.815,-913.611,1113.726
24-07-2021,-1042.316,3152.589,-900.944,1106.686
25-07-2021,-1038.084,3092.658,-901.071,1109.877
26-07-2021,-1034.346,3178.676,-906.994,1102.608
27-07-2021,-1036.547,3274.228,-905.052,1109.77
28-07-2021,-1045.166,3290.695,-904.162,1117.858
29-07-2021,-1056.156,3366.063,-911.787,1127.439
30-07-2021,-1061.994,3255.232,-921.695,1137.722
31-07-2021,-1070.077,3044.081,-926.718,1142.863
01-08-2021,-1059.738,2916.158,-922.804,1126.023
02-08-2021,-1039.908,2960.552,-920.377,1103.132
03-08-2021,-1025.625,3015.856,-913.469,1083.957
04-08-2021,-1016.827,2720.935,-905.007,1087.274
05-08-2021,-998.982,2662.172,-883.72,1061.58
06-08-2021,-977.055,2726.738,-856.681,1028.804
07-08-2021,-968.135,2911.454,-835.329,1013.48
08-08-2021,-965.346,2985.357,-841.123,1019.582
09-08-2021,-963.773,3118.831,-837.738,1027.159
10-08-2021,-968.334,3247.613,-836.418,1044.784
11-08-2021,-983.757,3133.542,-869.858,1069.028
12-08-2021,-998.596,3209.701,-876.559,1081.468
13-08-2021,-1009.5,3012.068,-879.463,1094.167
14-08-2021,-1006.107,3055.379,-886.504,1085.683
15-08-2021,-1005.984,3085.73,-882.622,1085.206
16-08-2021,-1004.137,3024.326,-898.537,1081.547
17-08-2021,-1004.687,2993.871,-900.865,1078.535
18-08-2021,-1008.054,2900.889,-907.145,1072.139
19-08-2021,-1002.037,3076.407,-885.744,1059.865
20-08-2021,-1003.477,3002.467,-887.526,1070.405
21-08-2021,-1001.715,3060.495,-883.386,1064.945
22-08-2021,-1002.185,2966.442,-888.702,1069.925
23-08-2021,-997.025,3014.99,-877.751,1064.73
24-08-2021,-991.953,3119.346,-872.843,1065.385
25-08-2021,-996.192,2983.105,-864.22,1074.406
26-08-2021,-994.701,3219.953,-870.303,1065.62
27-08-2021,-1010.123,3008.784,-882.558,1085.372
28-08-2021,-1010.454,3036.752,-885.337,1080.806
29-08-2021,-1011.739,3096.927,-866.708,1083.77
30-08-2021,-1017.576,3388.502,-881.622,1087.857
31-08-2021,-1027.625,3240.38,-899.512,1115.032
01-09-2021,-1038.933,3122.285,-912.011,1116.523
02-09-2021,-1039.991,3065.761,-905.125,1111.111
03-09-2021,-1035.695,3017.637,-915.964,1105.523
04-09-2021,-1033.51,2928.297,-907.588,1094.301
05-09-2021,-1022.563,2795.252,-893.875,1085.065
06-09-2021,-1005.824,3174.666,-873.962,1064.923
07-09-2021,-1004.078,3081.068,-887.152,1078.29
08-09-2021,-1006.724,2999.297,-899.139,1077.836
09-09-2021,-1005.975,3157.393,-887.974,1071.42
10-09-2021,-1020.592,3132.123,-908.091,1079.635
11-09-2021,-1022.829,3162.495,-926.312,1089.503
12-09-2021,-1030.754,3013.594,-927.273,1097.214
13-09-2021,-1031.777,3023.56,-902.066,1094.982
14-09-2021,-1025.075,2946.733,-910.426,1084.21
15-09-2021,-1021.17,2980.308,-890.226,1077.045
16-09-2021,-1013.331,3056.769,-898.294,1072.456
17-09-2021,-1016.18,3052.51,-900.03,1067.833
18-09-2021,-1014.081,3206.977,-890.803,1072.918
19-09-2021,-1020.769,3294.726,-897.976,1087.176
20-09-2021,-1033.695,3168.57,-907.215,1105.853
21-09-2021,-1030.421,3120.772,-899.602,1104.557
22-09-2021,-1023.499,3111.406,-897.357,1101.993
23-09-2021,-1023.415,3230.911,-892.288,1101.234
24-09-2021,-1028.659,3220.636,-913.376,1112.281
25-09-2021,-1038.612,3287.383,-915.175,1117.451
26-09-2021,-1044.456,3432.252,-926.172,1131.023
27-09-2021,-1070.972,3262.802,-938.115,1140.354
28-09-2021,-1074.075,3227.54,-950.123,1140.984
29-09-2021,-1073.256,2966.517,-945.975,1140.076
30-09-2021,-1057.361,3054.035,-927.189,1116.501
01-10-2021,-1046.429,3002.16,-922.705,1108.206
02-10-2021,-1029.048,2775.866,-912.606,1098.685
03-10-2021,-1010.492,3012.145,-902.162,1072.857
04-10-2021,-1008.384,3162.242,-879.683,1074.009
05-10-2021,-1015.661,3226.037,-901.022,1083.215
06-10-2021,-1026.799,2897.451,-898.924,1096.515
07-10-2021,-1018.237,3012.981,-881.767,1077.209
08-10-2021,-1015.319,3000.965,-881.384,1074.341
09-10-2021,-1010.716,3155.234,-880.981,1072.942
10-10-2021,-1014.871,3072.465,-893.571,1086.841
11-10-2021,-1017.098,2825.344,-888.958,1084.863
12-10-2021,-995.586,2871.767,-870.691,1067.997
13-10-2021,-987.688,3267.63,-885.733,1057.14
14-10-2021,-1005.576,3374.798,-892.162,1078.829
15-10-2021,-1029.24,3346.543,-905.964,1105.005
16-10-2021,-1046.002,3512.28,-916.37,1119.351
17-10-2021,-1059.649,3329.223,-923.387,1140.499
18-10-2021,-1069.73,3209.402,-933.951,1139.296
19-10-2021,-1070.356,3195.931,-931.279,1137.862
20-10-2021,-1063.113,3009.663,-944.487,1132.593
21-10-2021,-1058.149,3189.553,-935.822,1114.16
22-10-2021,-1061.17,3220.826,-930.911,1122.837
23-10-2021,-1062.309,3222.571,-938.752,1126.075
24-10-2021,-1066.749,3121.525,-942.253,1127.338
25-10-2021,-1054.523,3245.108,-926.184,1119.886
26-10-2021,-1053.114,3001.404,-927.816,1124.876
27-10-2021,-1040.306,2973.075,-916.914,1111.817
28-10-2021,-1031.163,3009.376,-899.336,1098.297
29-10-2021,-1022.587,3038.149,-881.492,1097.65
30-10-2021,-1019.225,2869.32,-880.234,1089.748
31-10-2021,-1010.173,2867.497,-868.179,1070.937
01-11-2021,-995.911,2813.374,-871.164,1061.261
02-11-2021,-978.044,2976.325,-866.539,1041.731
03-11-2021,-973.887,2902.624,-849.239,1041.103
04-11-2021,-970.66,2874.673,-838.302,1039.053
05-11-2021,-957.371,3171.031,-835.651,1036.681
06-11-2021,-977.288,3164.465,-851.862,1051.823
07-11-2021,-990.551,3107.634,-863.239,1067.44
08-11-2021,-995.325,2873.154,-878.701,1073.329
09-11-2021,-985.584,2855.733,-898.801,1057.254
10-11-2021,-981.526,2952.555,-881.473,1044.148
11-11-2021,-980.496,2922.987,-880.118,1044.152
12-11-2021,-986.247,2908.632,-862.089,1038.636
13-11-2021,-987.678,2949.585,-848.965,1035.647
14-11-2021,-976.72,3197.134,-835.236,1036.621
15-11-2021,-987.399,3423.772,-855.16,1062.997
16-11-2021,-1011.169,3264.646,-870.445,1099.907
17-11-2021,-1020.73,3247.676,-892.457,1109.161
18-11-2021,-1032.842,3239.185,-895.144,1116.335
19-11-2021,-1041.681,2840.727,-895.778,1120.513
20-11-2021,-1023.134,3037.514,-887.637,1096.42
21-11-2021,-1021.507,2655.52,-890.206,1084.46
22-11-2021,-989.542,2820.392,-874.238,1051.851
23-11-2021,-978.829,2713.383,-838.33,1042.176
24-11-2021,-954.958,2757.661,-824.774,1021.743
25-11-2021,-943.536,3157.753,-820.148,1014.699
26-11-2021,-958.926,3297.134,-843.331,1038.289
27-11-2021,-988.946,3290.927,-880.476,1069.037
28-11-2021,-1010.29,3396.188,-895.426,1094.051
29-11-2021,-1031.673,3369.483,-907.004,1115.362
30-11-2021,-1044.338,3277.274,-897.217,1131.005
01-12-2021,-1047.933,3059.517,-887.369,1136.047
02-12-2021,-1037.713,3401.25,-897.302,1123.767
03-12-2021,-1056.312,3251.237,-928.183,1142.076
04-12-2021,-1066.249,3296.908,-915.754,1147.739
05-12-2021,-1069.752,3002.323,-929.376,1152.158
06-12-2021,-1055.723,3103.116,-910.287,1127.98
07-12-2021,-1045.436,3133.662,-906.314,1113.885
08-12-2021,-1042.36,2854.606,-918.165,1114.381
09-12-2021,-1027.363,3027.524,-906.645,1090.274
10-12-2021,-1021.676,3162.792,-921.594,1086.395
11-12-2021,-1028,3041.741,-907.444,1095.088
12-12-2021,-1028.426,3066.862,-913.926,1088.024
13-12-2021,-1030.737,3030.547,-914.043,1084.075
14-12-2021,-1024.442,3095.095,-922.106,1079.649
15-12-2021,-1030.72,3110.469,-914.787,1079.597
16-12-2021,-1030.631,2843.525,-924.692,1080.3
17-12-2021,-1013.764,2808.79,-898.414,1063.54
18-12-2021,-999.033,2852.758,-900.245,1050.595
19-12-2021,-992.668,2845.506,-884.301,1043.454
20-12-2021,-984.458,2948.452,-875.291,1034.788
21-12-2021,-982.077,3010.535,-870.996,1037.582
22-12-2021,-988.085,3167.726,-868.578,1042.928
23-12-2021,-997.924,2985.31,-876.945,1063.96
24-12-2021,-998.205,3020.044,-879.775,1055.058
25-12-2021,-999.661,3171.118,-889.417,1057.776
26-12-2021,-1008.76,3199.384,-892.109,1065.29
27-12-2021,-1017.733,3067.794,-910.742,1075.831
28-12-2021,-1016.861,3412.549,-903.589,1078.686
29-12-2021,-1035.96,3435.516,-913.805,1103.982
30-12-2021,-1062.989,3085.455,-932.341,1129.369
31-12-2021,-1052.722,3007.736,-928.485,1122.749
01-01-2022,-1042.182,3063.38,-945.033,1110.223
02-01-2022,-1043.446,3043.85,-926.099,1103.086
03-01-2022,-1034.517,2797.453,-914.8,1087.888
04-01-2022,-1014.312,2791.18,-898.443,1063.921
05-01-2022,-999.066,2994.195,-886.347,1047.162
06-01-2022,-991.956,2888.358,-865.962,1050.424
07-01-2022,-986.356,2957.243,-844.461,1047.794
08-01-2022,-982.454,2831.933,-846.274,1047.207
09-01-2022,-969.964,3055.849,-851.686,1039.604
10-01-2022,-973.785,3294.677,-862.854,1044.667
11-01-2022,-994.299,3301.29,-862.764,1071.872
12-01-2022,-1011.643,3072.185,-883.139,1094.621
13-01-2022,-1012.943,2901.189,-888.665,1095.834
14-01-2022,-1007.612,2778.168,-880.449,1079.889
15-01-2022,-995.122,2802.864,-880.689,1058.069
16-01-2022,-981.538,3005.074,-849.926,1040.606
17-01-2022,-975.746,2818.541,-863.484,1048.166
18-01-2022,-971.338,2758.576,-842.017,1036.134
19-01-2022,-948.997,2594.294,-822.146,1021.939
20-01-2022,-927.101,2725.543,-814.791,996.898
21-01-2022,-922.61,2812.354,-788.994,984.627
22-01-2022,-917.108,3073.149,-801.633,987.413
23-01-2022,-933.333,2957.75,-818.244,1012.616
24-01-2022,-943.144,3059.494,-809.22,1019.989
25-01-2022,-958.756,2961.903,-804.049,1032.404
26-01-2022,-955.862,3342.161,-825.52,1038.632
27-01-2022,-987.748,3179.701,-841.62,1073.065
28-01-2022,-1001.09,2890.865,-864.286,1084.102
29-01-2022,-996.75,2964.664,-852.957,1076.034
30-01-2022,-994.608,2823.607,-861.194,1074.498
31-01-2022,-985.758,2938.356,-850.63,1055.922
01-02-2022,-977.892,2861.436,-856.801,1052.91
02-02-2022,-971.054,2912.002,-864.891,1043.439
03-02-2022,-973.185,2792.244,-886.947,1035.98
04-02-2022,-972.012,2851.881,-887.238,1023.238
05-02-2022,-968.331,2735.411,-867.453,1021.502
06-02-2022,-956.644,2799.133,-861.52,1010.832
07-02-2022,-956.689,2914.88,-844.608,1007.002
08-02-2022,-947.113,3370.112,-850.061,1014.872
09-02-2022,-978.103,3257.697,-857.416,1052.681
10-02-2022,-993.494,3025.493,-882.695,1075.242
11-02-2022,-999.998,3131.002,-876.245,1072.231
12-02-2022,-1009.061,3112.861,-893.387,1081.106
13-02-2022,-1011.541,3036.016,-892.336,1086.823
14-02-2022,-1009.645,3013.697,-903.727,1083.269
15-02-2022,-1010.712,3080.177,-884.955,1075.696
16-02-2022,-1010.147,2959.797,-882.62,1078.771
17-02-2022,-1007.726,2883.468,-864.159,1072.073
18-02-2022,-995.144,2951.39,-860.262,1058.525
19-02-2022,-985.897,2939.667,-865.431,1055.781
20-02-2022,-982.003,3007.025,-861.609,1048.645
21-02-2022,-981.927,3118.592,-858.425,1052.373
22-02-2022,-990.94,3120.92,-872.036,1065.083
23-02-2022,-994.389,3120.159,-876.297,1069.774
24-02-2022,-1002.047,3361.564,-894.623,1080.191
25-02-2022,-1028.527,3350.922,-913.651,1098.331
26-02-2022,-1050.966,3136.216,-918.006,1118.818
27-02-2022,-1055.078,3125.573,-908.511,1114.519
28-02-2022,-1045.742,3277.189,-904.064,1110.701
01-03-2022,-1043.666,3104.273,-920.702,1120.155
02-03-2022,-1039.535,3171.986,-910.959,1116.73
03-03-2022,-1046.531,3163.895,-926.783,1116.573
04-03-2022,-1055.878,3272.719,-929.363,1116.751
05-03-2022,-1061.133,3356.314,-934.803,1126.796
06-03-2022,-1070.028,3229.219,-941.598,1132.178
07-03-2022,-1062.503,2901.343,-941.548,1137.089
08-03-2022,-1044.205,2854.31,-908.391,1108.404
09-03-2022,-1027.266,2930.384,-903.874,1091.562
10-03-2022,-1021.15,2858.954,-887.143,1082.696
11-03-2022,-1010.074,2945.423,-908.085,1066.54
12-03-2022,-1009.177,3072.761,-891.93,1061.155
13-03-2022,-1013.278,3187.317,-891.436,1067.667
14-03-2022,-1016.594,2992.766,-907.892,1081.305
15-03-2022,-1012.146,3064.675,-889.635,1075.392
16-03-2022,-1013.298,2954.179,-892.672,1072.656
17-03-2022,-1004.847,3281.845,-901.658,1062.157
18-03-2022,-1019.779,3161.643,-917.642,1085.471
19-03-2022,-1029.876,3222.364,-918.839,1090.579
20-03-2022,-1039.276,3190.792,-915.899,1106.169
21-03-2022,-1039.301,3140.985,-906.504,1110.83
22-03-2022,-1036.505,3224.318,-906.241,1110.601
23-03-2022,-1040.061,3251.523,-927.435,1113.149
24-03-2022,-1047.932,3358.664,-910.377,1118.075
25-03-2022,-1059.879,3292.108,-918.359,1132.856
26-03-2022,-1067.631,3231.123,-924.311,1137.008
27-03-2022,-1072.257,3404.758,-921.865,1142.95
28-03-2022,-1075.4,3083.74,-934.523,1155.506
29-03-2022,-1067.37,3113.751,-922.828,1140.708
30-03-2022,-1053.577,2995.537,-946.786,1130.944
31-03-2022,-1046.947,3207.931,-942.472,1116.591
01-04-2022,-1055.749,3188.783,-921.355,1115.149
02-04-2022,-1058.342,3056.784,-924.641,1122.805
03-04-2022,-1053.433,3038.993,-928.021,1116.455
04-04-2022,-1050.602,3309.152,-909.406,1102.114
05-04-2022,-1054.227,3282.311,-926.423,1113.351
06-04-2022,-1061.012,3117.328,-917.187,1127.39
07-04-2022,-1056.84,2957.333,-910.653,1125.786
08-04-2022,-1045.861,2806.269,-905.493,1110.858
09-04-2022,-1021.534,2987.518,-886.959,1088.086
10-04-2022,-1019.251,3277.454,-874.34,1075.713
11-04-2022,-1018.326,3454.085,-876.136,1097.797
12-04-2022,-1038.567,3407.222,-900.936,1119.77
13-04-2022,-1051.371,3302.77,-916.127,1131.357
14-04-2022,-1059.343,3283.575,-929.27,1137.552
15-04-2022,-1070.395,3309.045,-937.184,1144.835
16-04-2022,-1077.273,3118.127,-942.922,1145.274
17-04-2022,-1065.082,3211.538,-931.246,1135.54
18-04-2022,-1058.188,3177.455,-925.523,1141.851
19-04-2022,-1054.755,3185.238,-920.243,1134.835
20-04-2022,-1056.725,3078.656,-917.631,1131.618
21-04-2022,-1053.643,2971.211,-912.334,1119.567
22-04-2022,-1036.824,2882.498,-896.982,1095.084
23-04-2022,-1017.697,2955.477,-880.292,1078.447
24-04-2022,-1007.365,2876.347,-875.687,1074.589
25-04-2022,-994.48,2947.622,-865.98,1062.265
26-04-2022,-992.133,3266.926,-861.734,1062.392
27-04-2022,-1008.149,3129.156,-893.071,1084.405
28-04-2022,-1014.823,2868.061,-890.159,1086.416
29-04-2022,-1002.285,3099.524,-886.884,1066.229
30-04-2022,-1008.205,3190.018,-895.57,1071.136
01-05-2022,-1023.705,3109.561,-904.199,1082.073
02-05-2022,-1018.301,3047.292,-909.297,1082.665
03-05-2022,-1017.314,3002.631,-887.981,1076.354
04-05-2022,-1013.505,3027.305,-875.649,1074.609
05-05-2022,-1011.077,2995.44,-863.881,1077.248
06-05-2022,-1000.397,3082.832,-858.034,1075.189
07-05-2022,-1004.456,3144.855,-866.314,1077.821
08-05-2022,-1010.99,3163.577,-869.877,1081.665
09-05-2022,-1010.786,2814.226,-874.902,1086.981
10-05-2022,-991.47,2871.615,-859.392,1063.874
11-05-2022,-981.941,2919.143,-850.115,1056.328
12-05-2022,-980.66,2990.939,-862.079,1050.946
13-05-2022,-983.776,3118.179,-851.293,1051.434
14-05-2022,-988.8,2968.142,-863.984,1062.787
15-05-2022,-990.1,2948.851,-867.976,1051.086
16-05-2022,-988.849,3079.983,-859.136,1052.121
17-05-2022,-996.909,3045.459,-887.732,1063.318
18-05-2022,-997.121,3110.178,-901.844,1064.335
19-05-2022,-1006.055,3055.304,-901.993,1072.979
20-05-2022,-1007.479,3360.745,-879.411,1073.372
21-05-2022,-1027.162,3209.995,-899.59,1101.588
22-05-2022,-1032.564,3151.003,-914.67,1111.262
23-05-2022,-1038.408,3311.865,-938.018,1113.449
24-05-2022,-1054.465,3168.987,-934.515,1124.214
25-05-2022,-1054.312,3022.727,-941.805,1118.606
26-05-2022,-1048.718,2976.524,-921.17,1108.601
27-05-2022,-1034.135,2972.413,-923.349,1099.303
28-05-2022,-1026.311,3003.548,-901.924,1085.192
29-05-2022,-1021.863,3084.379,-916.358,1079.395
30-05-2022,-1021.733,3193.346,-898.34,1084.022
31-05-2022,-1023.611,3144.454,-901.532,1095.723
01-06-2022,-1028.574,3218.791,-881.986,1095.804
02-06-2022,-1035.06,3026.073,-887.109,1106.807
03-06-2022,-1028.677,2965.383,-895.872,1102.891
04-06-2022,-1027.785,2892.15,-895.983,1089.523
05-06-2022,-1008.672,2869.459,-890.674,1076.505
06-06-2022,-1000.972,3150.325,-888.929,1062.239
07-06-2022,-1013.509,3140.809,-888.529,1071.441
08-06-2022,-1013.177,3120.702,-891.015,1079.223
09-06-2022,-1016.867,3077.06,-890.634,1088.371
10-06-2022,-1012.711,2815.428,-907.3,1086.653
11-06-2022,-1007.082,2980.334,-892.814,1060.712
12-06-2022,-1006.589,3064.413,-879.71,1054.794
13-06-2022,-1002.238,2833.125,-887.103,1066.54
14-06-2022,-990.355,2685.465,-881.038,1052.634
15-06-2022,-978.788,2753.042,-857.473,1029.773
16-06-2022,-969.499,2817.021,-848.417,1019.541
17-06-2022,-963.969,2830.395,-845.241,1018.859
18-06-2022,-957.438,2974.426,-836.126,1015.561
19-06-2022,-957.595,3128.325,-839.657,1022.726
20-06-2022,-965.498,3225.699,-855.372,1037.739
21-06-2022,-983.379,3152.86,-868.393,1056.116
22-06-2022,-992.881,2982.183,-867.086,1068.597
23-06-2022,-991.738,2944.68,-846.364,1065.122
24-06-2022,-985.791,3042.166,-854.286,1060.188
25-06-2022,-985.89,3184.778,-857.782,1062.786
26-06-2022,-993.107,3075.798,-883.673,1080.543
27-06-2022,-995.663,3222.216,-891.238,1077.206
28-06-2022,-1012.673,3315.341,-891.374,1088.329
29-06-2022,-1028.547,3109.703,-898.108,1106.162
30-06-2022,-1033.742,2894.572,-908.446,1106.115
01-07-2022,-1020.119,2970.12,-900.072,1091.719
02-07-2022,-1013.418,2668.439,-927.436,1079.55
03-07-2022,-1000.401,2951.55,-904.528,1040.928
04-07-2022,-997.07,3000.659,-904.042,1039.426
05-07-2022,-991.105,3108.901,-863.264,1050.951
06-07-2022,-993.429,3291.719,-873.181,1066.248
07-07-2022,-1013.811,3393.414,-889.741,1090.29
08-07-2022,-1034.375,3392.898,-895.078,1110.881
09-07-2022,-1051.823,3205.533,-920.127,1129.261
10-07-2022,-1054.446,3281.344,-928.989,1128.901
11-07-2022,-1061.019,3210.183,-932.72,1130.221
12-07-2022,-1057.446,3052.456,-925.494,1130.004
13-07-2022,-1047.006,2851.338,-925.073,1116.727
14-07-2022,-1027.335,3116.696,-905.333,1088.818
15-07-2022,-1030.836,3041.396,-906.435,1091.752
16-07-2022,-1028.767,3083.104,-908.57,1089.6
17-07-2022,-1027.863,2980.115,-886.611,1094.749
18-07-2022,-1019.752,2958.038,-867.023,1083.352
19-07-2022,-1011.977,3123.293,-870.277,1074.619
20-07-2022,-1015.04,3116.658,-863.641,1080.482
21-07-2022,-1013.067,2900.851,-859.354,1085.958
22-07-2022,-1002.506,3105.351,-844.022,1072.134
23-07-2022,-1007.914,3052.783,-856.594,1079.392
24-07-2022,-1002.56,3092.619,-866.322,1079.251
25-07-2022,-1003.452,3045.179,-871.74,1078.29
26-07-2022,-1006.919,2987.006,-891.074,1079.64
27-07-2022,-1001.2,3033.789,-884.332,1074.142
28-07-2022,-1004.564,3051.257,-887.211,1071.751
29-07-2022,-1016.317,3025.264,-888.486,1073.897
30-07-2022,-1016.083,3223.845,-892.414,1070.126
31-07-2022,-1026.128,3003.428,-900.75,1088.165
01-08-2022,-1022.287,2813.991,-900.309,1081.928
02-08-2022,-1005.718,2781.267,-872.938,1060.576
03-08-2022,-989.724,2778.372,-861.557,1047.306
04-08-2022,-972.726,2767.617,-866.634,1036.062
05-08-2022,-966.248,2960.648,-841.352,1021.032
06-08-2022,-968.811,2921.274,-848.1,1029.735
07-08-2022,-966.84,3165.152,-836.927,1023.688
08-08-2022,-979.582,3277.999,-856.147,1045.613
09-08-2022,-989.639,3105.043,-853.062,1070.465
10-08-2022,-995.306,2950.34,-866.321,1079.837
11-08-2022,-990.797,3205.065,-871.668,1071.072
12-08-2022,-1004.677,3156.756,-863.704,1079.108
13-08-2022,-1014.03,3190.538,-880.984,1087.813
14-08-2022,-1019.165,3230.822,-909.587,1097.253
15-08-2022,-1026.277,3335.222,-896.073,1105.04
16-08-2022,-1038.869,3210.709,-898.262,1121.213
17-08-2022,-1040.177,3282.081,-914.568,1118.739
18-08-2022,-1048.627,3468.412,-925.875,1121.487
19-08-2022,-1071.057,3218.626,-943.122,1146.498
20-08-2022,-1073.403,3178.144,-932.627,1147.643
21-08-2022,-1068.322,3308.988,-935.04,1142.811
22-08-2022,-1075.007,3223.215,-959.624,1142.503
23-08-2022,-1073.889,3259.772,-953.697,1135.724
24-08-2022,-1071.58,3171.637,-962.384,1140.971
25-08-2022,-1065.97,3177.487,-953.2,1126.148
26-08-2022,-1063.616,3331.939,-945.094,1123.253
27-08-2022,-1077.414,3238.991,-950.199,1135.709
28-08-2022,-1074.333,3197.661,-952.937,1131.444
29-08-2022,-1067.863,2977.53,-945.018,1133.594
30-08-2022,-1055.276,2989.493,-933.815,1118.449
31-08-2022,-1042.331,3031.167,-913.2,1104.509
01-09-2022,-1036.088,3312.494,-898.047,1094.896
02-09-2022,-1052.774,3209.745,-910.86,1111.636
03-09-2022,-1060.739,3220.657,-933.753,1115.716
04-09-2022,-1061.281,3012.714,-933.406,1119.925
05-09-2022,-1049.608,2962.15,-933.273,1108.346
06-09-2022,-1037.816,2984.369,-923.365,1093.658
07-09-2022,-1031.336,2990.883,-892.288,1079.892
08-09-2022,-1017.067,2807.099,-901.373,1073.467
09-09-2022,-1001.952,2653.241,-898.295,1057.879
10-09-2022,-983.438,2659.845,-858.317,1032.151
11-09-2022,-964.426,2737.434,-846.178,1012.879
12-09-2022,-949.991,2838.875,-824.654,998.578
13-09-2022,-944.841,2908.023,-825.434,1005.831
14-09-2022,-945.235,2994.779,-817.995,1010.068
15-09-2022,-950.299,2836.171,-814.213,1017.025
16-09-2022,-941.492,3031.767,-827.508,1017.258
17-09-2022,-951.477,2946.026,-806.904,1030.609
18-09-2022,-946.791,3200.65,-815.829,1034.832
19-09-2022,-966.997,3147.382,-840.398,1053.778
20-09-2022,-977.55,3169.705,-853.733,1066.065
21-09-2022,-989.379,3333.492,-861.757,1079.992
22-09-2022,-1016.646,3197.189,-871.421,1095.721
23-09-2022,-1017.433,3138.404,-866.032,1104.843
24-09-2022,-1018.262,3286.367,-867.662,1107.601
25-09-2022,-1032.859,3043.559,-888.102,1115.496
26-09-2022,-1031.04,3020.907,-897.982,1105.902
27-09-2022,-1023.633,3249.849,-899.466,1101.572
28-09-2022,-1035.497,3052.632,-912.868,1106.029
29-09-2022,-1033.825,3009.054,-918.695,1100.449
30-09-2022,-1030.648,3170.862,-915.168,1093.244
01-10-2022,-1034.535,3020.838,-895.303,1105.711
02-10-2022,-1025.091,3168.348,-890.439,1092.094
03-10-2022,-1024.1,2954.34,-899.209,1103.834
04-10-2022,-1016.888,2847.762,-884.117,1092.881
05-10-2022,-1007.354,2855.06,-883.378,1072.517
06-10-2022,-997.919,3080.739,-864.238,1062.552
07-10-2022,-1003.262,3016.115,-866.941,1071.28
08-10-2022,-1001.29,2859.788,-881.97,1069.636
09-10-2022,-992.636,3133.8,-866.846,1057.72
10-10-2022,-998.031,3089.238,-870.032,1071.521
11-10-2022,-997.688,3044.097,-862.484,1078.405
12-10-2022,-993.19,2978.402,-866.974,1075.366
13-10-2022,-986.893,2901.663,-866.03,1072.192
14-10-2022,-985.432,2987.988,-863.206,1063.412
15-10-2022,-981.064,3093.013,-856.161,1063.968
16-10-2022,-992.127,2943.313,-868.443,1073.749
17-10-2022,-984.405,2800.937,-867.274,1071.273
18-10-2022,-978.902,2829.665,-842.453,1049.612
19-10-2022,-965.628,2942.087,-841.334,1039.581
20-10-2022,-962.183,3079.979,-831.014,1038.388
21-10-2022,-973.569,3109.877,-826.749,1051.837
22-10-2022,-985.92,3210.628,-842.43,1065.575
23-10-2022,-992.932,3071.353,-850.531,1082.669
24-10-2022,-991.861,2963.175,-853.494,1083.701
25-10-2022,-994.117,3108.694,-877.968,1072.642
26-10-2022,-998.423,2809.964,-867.878,1081.389
27-10-2022,-984.215,2703.24,-850.827,1059.361
28-10-2022,-964.768,2867.206,-834.243,1037.788
29-10-2022,-959.691,3050.723,-815.009,1033.006
30-10-2022,-964.227,3103.781,-835.877,1041.224
31-10-2022,-964.618,3064.856,-849.321,1050.452
01-11-2022,-976.005,3160.667,-844.455,1056.24
02-11-2022,-983.578,3245.956,-857.759,1066.874
03-11-2022,-998.726,2962.419,-877.314,1084.729
04-11-2022,-992.542,2831.219,-867.455,1072.178
05-11-2022,-980.771,3015.382,-848.775,1055.664
06-11-2022,-980.962,3065.382,-854.278,1059.749
07-11-2022,-987.811,3178.648,-859.035,1065.126
08-11-2022,-997.659,3150.159,-861.324,1078.367
09-11-2022,-1001.887,3056.88,-857.822,1083.248
10-11-2022,-995.59,3242.162,-875.661,1083.802
11-11-2022,-1008.498,2987.502,-900.463,1096.356
12-11-2022,-1012.885,3066.101,-881.542,1084.367
13-11-2022,-1014.846,3094.713,-882.98,1082.247
14-11-2022,-1016.303,3135.967,-883.472,1080.919
15-11-2022,-1017.211,3285.041,-891.07,1086.382
16-11-2022,-1032.701,3294.199,-912.382,1109.133
17-11-2022,-1048.224,3051.057,-915.274,1123.914
18-11-2022,-1041.048,3004.155,-903.421,1116.344
19-11-2022,-1032.115,2981.674,-919.535,1103.672
20-11-2022,-1024.316,3068.839,-903.289,1091.542
21-11-2022,-1028.951,3089.655,-895.387,1092.508
22-11-2022,-1025.243,2986.541,-902.951,1093.315
23-11-2022,-1015.599,2860.801,-902.731,1083.827
24-11-2022,-1002.644,2788.046,-888.485,1068.41
25-11-2022,-991.311,2922.579,-870.39,1053.313
26-11-2022,-991.839,3061.218,-865.11,1050.315
27-11-2022,-996.431,3039.817,-859.826,1060.393
28-11-2022,-991.468,2862.968,-855.762,1061.767
29-11-2022,-985.118,3047.26,-853.812,1051.622
30-11-2022,-985.238,3103.652,-853.995,1055.311
01-12-2022,-994.3,3155.383,-860.07,1067.63
02-12-2022,-1005.231,3020.456,-871.453,1078.216
03-12-2022,-1004.451,2989.921,-891.718,1076.562
04-12-2022,-1010.776,3063.776,-896.414,1066.868
05-12-2022,-1015.008,3091.483,-906.842,1070.867
06-12-2022,-1015.647,3032.883,-911.694,1074.636
07-12-2022,-1017.494,3179.438,-891.595,1076.221
08-12-2022,-1027.92,3234.795,-893.366,1086.68
09-12-2022,-1039.606,3373.168,-899.808,1102.087
10-12-2022,-1051.364,3159.866,-907.737,1124.556
11-12-2022,-1047.597,3081.413,-909.616,1121.45
12-12-2022,-1037.305,2909.352,-920.326,1116.233
13-12-2022,-1023.264,3087.176,-887.136,1095.659
14-12-2022,-1025.772,2893.334,-884.895,1093.182
15-12-2022,-1014.913,2988.087,-882.045,1079.12
16-12-2022,-1012.065,2922.047,-875.127,1074.721
17-12-2022,-1005.846,2797.159,-872.446,1065.384
18-12-2022,-990.465,2702.701,-861.612,1052.96
19-12-2022,-966.792,3082.063,-833.226,1034.074
20-12-2022,-972.427,2955.18,-856.111,1042.2
21-12-2022,-969.842,3081.064,-849.743,1042.005
22-12-2022,-977.495,3203.161,-832.152,1055.871
23-12-2022,-982.291,3106.508,-840.089,1068.336
24-12-2022,-990.676,2966.267,-842.624,1069.395
25-12-2022,-985.739,2987.364,-854.567,1066.952
26-12-2022,-985.037,3238.91,-860.316,1063.359
27-12-2022,-995.815,3151.862,-874.126,1082.406
28-12-2022,-1002.796,3095.536,-882.251,1089.212
29-12-2022,-1010.928,2793.084,-870.327,1088.323
30-12-2022,-989.949,2722.758,-879.138,1067.515
31-12-2022,-978.187,2815.42,-868.899,1039.79
01-01-2023,-970.105,2843.498,-850.536,1033.49
02-01-2023,-962.321,2879.478,-828.398,1022.45
03-01-2023,-956.818,3043.331,-830.287,1020.738
04-01-2023,-963.28,3290.37,-844.145,1034.892
05-01-2023,-987.225,3316.819,-865.933,1062.908
06-01-2023,-1007.244,3263.281,-877.318,1089.254
07-01-2023,-1023.578,3359.307,-890.916,1099.603
08-01-2023,-1039.855,3254.895,-904.186,1116.904
09-01-2023,-1046.248,3075.593,-893.908,1122.513
10-01-2023,-1039.259,3074.84,-900.277,1115.248
11-01-2023,-1035.173,3292.315,-892.925,1109.694
12-01-2023,-1044.063,3294.2,-884.617,1121.345
13-01-2023,-1050.47,3272.72,-897.132,1130.021
14-01-2023,-1053.81,3013.871,-918.782,1135.137
15-01-2023,-1044.369,3099.03,-920.017,1118.042
16-01-2023,-1041.57,3194.576,-925.313,1110.84
17-01-2023,-1044.146,3176.963,-909.2,1111.445
18-01-2023,-1045.745,3044.736,-903.124,1113.665
19-01-2023,-1036.71,3096.142,-894.83,1105.395
20-01-2023,-1035.85,2718.464,-893.215,1102.425
21-01-2023,-1009.716,2878.486,-862.141,1074.385
22-01-2023,-995.357,3071.544,-865.559,1061.415
23-01-2023,-992.737,3072.39,-879.079,1065.962
24-01-2023,-992.86,3167.199,-874.031,1074.596
25-01-2023,-1001.985,3144.939,-881.198,1081.368
26-01-2023,-1012.648,3009.25,-891.64,1088.381
27-01-2023,-1013.701,3154.636,-884.363,1085.416
28-01-2023,-1020.778,3277.71,-898.066,1088.723
29-01-2023,-1033.736,2854.626,-910.877,1105.022
30-01-2023,-1020.502,2989.15,-909.975,1084.11
31-01-2023,-1017.757,2981.289,-911.886,1076.646
01-02-2023,-1013.44,2961.884,-904.923,1068.623
02-02-2023,-1007.519,2973.856,-883.169,1059.436
03-02-2023,-1003.865,2877.173,-892.774,1060.323
04-02-2023,-993.486,2831.063,-866.027,1044.798
05-02-2023,-985.086,3246.122,-860.303,1036.621
06-02-2023,-996.872,3205.772,-864.487,1064.422
07-02-2023,-1001.38,3119.945,-896.82,1084.858
08-02-2023,-1009.584,3141.058,-905.763,1085.744
09-02-2023,-1013.135,3058.467,-906.3,1095.796
10-02-2023,-1018.688,3182.575,-904.903,1089.287
11-02-2023,-1031.38,3068.722,-903.833,1099.55
12-02-2023,-1027.433,2967.941,-902.135,1095.537
13-02-2023,-1016.567,3063.654,-901.407,1078.25
14-02-2023,-1014.746,3245.562,-903.431,1082.252
15-02-2023,-1029.252,3297.574,-896.59,1097.508
16-02-2023,-1040.667,3268.104,-922.613,1118.24
17-02-2023,-1051.776,3300.714,-933.447,1123.102
18-02-2023,-1069.493,3490.803,-938.041,1134.094
19-02-2023,-1085.335,3322.827,-936.721,1157.974
20-02-2023,-1087.413,3253.167,-951.119,1160.064
21-02-2023,-1085.785,3027.31,-944.202,1160.299
22-02-2023,-1070.98,2992.257,-954.977,1141.669
23-02-2023,-1056.087,2868.754,-936.998,1120.167
24-02-2023,-1037.535,2997.869,-913.496,1093.638
25-02-2023,-1029.024,3041.366,-912.592,1089.268
26-02-2023,-1026.858,3296.84,-908.474,1084.101
27-02-2023,-1035.16,3132.648,-916.603,1104.199
28-02-2023,-1037.719,2978.422,-918.307,1105.119
01-03-2023,-1026.856,2527.452,-925.55,1093.362
02-03-2023,-996.076,2594.624,-902.773,1052.871
03-03-2023,-975.598,2649.869,-870.22,1020.637
04-03-2023,-959.362,2634.612,-846.457,1007.562
05-03-2023,-945.256,2573.859,-824.393,985.609
06-03-2023,-925.077,2815.668,-810.598,967.989
07-03-2023,-917.825,2826.932,-812.803,978.023
08-03-2023,-918.138,3099.251,-807.797,983.171
09-03-2023,-935.828,2984.798,-824.352,1008.272
10-03-2023,-943.966,3125.015,-827.066,1019.037
11-03-2023,-961.108,3326.85,-816.554,1041.193
12-03-2023,-986.143,3335.362,-855.184,1074.32
13-03-2023,-1007.502,3107.082,-887.015,1103.343
14-03-2023,-1014.121,3129.486,-876.262,1098.299
15-03-2023,-1015.174,2971.718,-876.081,1102.86
16-03-2023,-1013.544,2996.903,-882.653,1084.741
17-03-2023,-1010.231,2730.426,-899.497,1080.397
18-03-2023,-993.717,2738.725,-869.608,1057.945
19-03-2023,-979.637,2886.256,-874.913,1032.94
20-03-2023,-972.138,2966.105,-853.559,1033.946
21-03-2023,-973.996,3292.906,-867.908,1037.715
22-03-2023,-992.599,3157.493,-879.347,1068.341
23-03-2023,-1005.93,3103.634,-889.628,1075.33
24-03-2023,-1012.169,3090.742,-885.523,1081.197
25-03-2023,-1015.084,3242.112,-904.114,1082.826
26-03-2023,-1030.237,3172.587,-905.683,1098.067
27-03-2023,-1039.427,2919.377,-919.844,1106.585
28-03-2023,-1020.783,3221.421,-908.342,1095.515
29-03-2023,-1029.487,3238.039,-926.025,1105.174
30-03-2023,-1041.126,3048.147,-925.023,1113.753
31-03-2023,-1037.617,2999.266,-903.024,1104.054
01-04-2023,-1026.399,2785.567,-899.347,1090.787
02-04-2023,-1001.852,2750.753,-887.041,1064.436
03-04-2023,-987.74,2640.825,-859.943,1033.136
04-04-2023,-962.865,2694.04,-855.711,1015.139
05-04-2023,-951.919,2743.328,-844.597,1001.471
06-04-2023,-939.091,2919.327,-848.333,994.275
07-04-2023,-947.741,2922.528,-852.746,1006.95
08-04-2023,-953.196,2841.436,-849.009,1016.758
09-04-2023,-951.73,2751.44,-826.426,1019.332
10-04-2023,-944.069,2862.036,-804,1013.094
11-04-2023,-937.596,2924.158,-800.464,1011.703
12-04-2023,-941.226,3016.904,-799.515,1014.834
13-04-2023,-944.177,2925.591,-806.096,1026.83
14-04-2023,-951.109,2911.354,-821.618,1025.547
15-04-2023,-951.751,2983.811,-809.903,1029.681
16-04-2023,-957.813,3059.088,-813.914,1036.943
17-04-2023,-964.189,2892.293,-832.996,1045.328
18-04-2023,-957.625,3049.654,-837.434,1040.556
19-04-2023,-969.324,3157.793,-830.453,1054.318
20-04-2023,-978.881,3004.653,-840.894,1071.695
21-04-2023,-977.382,2938.078,-858.911,1066.526
22-04-2023,-977.74,2749.09,-852.078,1057.767
23-04-2023,-963.228,2860.766,-833.739,1036.402
24-04-2023,-958.462,2994.146,-831.409,1027.052
25-04-2023,-957.459,2969.534,-839.602,1038.417
26-04-2023,-961.774,3193.6,-841.11,1041.208
27-04-2023,-981.983,3159.037,-870.612,1057.226
28-04-2023,-991.907,2937.961,-864.493,1066.67
29-04-2023,-992.384,3018.105,-856.312,1062.634
30-04-2023,-994.03,3125.851,-852.574,1060.847
01-05-2023,-997.173,2953.726,-865.772,1072.692
02-05-2023,-988.004,2885.576,-872.705,1066.359
03-05-2023,-982.858,2928.155,-844.004,1052.479
04-05-2023,-977.17,2860.674,-852.89,1049.048
05-05-2023,-973.05,2801.757,-839.899,1042.879
06-05-2023,-963.756,2848.926,-851.859,1027.258
07-05-2023,-954.357,3023.902,-828.51,1026.909
08-05-2023,-961.132,2897.872,-838.562,1033.51
09-05-2023,-958.054,2891.931,-841.726,1034.69
10-05-2023,-958.531,2722.117,-842.045,1029.605
11-05-2023,-948.661,2794.8,-823.757,1020.323
12-05-2023,-942.679,2932.184,-808.981,1012.403
13-05-2023,-946.158,2880.425,-810.625,1020.684
14-05-2023,-947.537,3203.803,-813.828,1017.737
15-05-2023,-961.217,3245.116,-829.708,1049.521
16-05-2023,-980.81,3277.968,-845.354,1074.836
17-05-2023,-997.027,3442.631,-869.376,1094.005
18-05-2023,-1022.933,3231.564,-895.935,1121.707
19-05-2023,-1038.587,3305.635,-896.59,1124.28
20-05-2023,-1049.496,3004.387,-897.234,1136.118
21-05-2023,-1036.265,3001.725,-911.2,1118.131
22-05-2023,-1029.633,2874.74,-923.439,1101.396
23-05-2023,-1014.468,2924.931,-881.861,1083.331
24-05-2023,-1005.438,3046.037,-878.163,1065.696
25-05-2023,-1005.848,3127.054,-888.266,1064.097
26-05-2023,-1011.062,3157.882,-871.167,1073.87
27-05-2023,-1018.859,3104.154,-874.09,1080.43
28-05-2023,-1018.166,3242.551,-870.573,1084.651
29-05-2023,-1026.157,3303.554,-886.235,1099.756
30-05-2023,-1039.069,3219.934,-886.394,1114.917
31-05-2023,-1039.696,3190.502,-899.306,1121.077
01-06-2023,-1036.579,3142.349,-905.692,1118.83
02-06-2023,-1035.479,2771.046,-902.699,1120.501
03-06-2023,-1011.838,2906.369,-910.949,1088.031
04-06-2023,-1003.991,2921.483,-886.002,1068.335
05-06-2023,-994.765,3095.904,-889.412,1062.766
06-06-2023,-1000.692,3125.18,-866.23,1068.134
07-06-2023,-1000.272,3177.059,-886.908,1075.573
08-06-2023,-1013.41,2956.963,-905.519,1083.649
09-06-2023,-1011.848,2747.228,-894.849,1070.415
10-06-2023,-997.624,2725.85,-855.753,1050.417
11-06-2023,-976.631,2899.138,-830.556,1031.608
12-06-2023,-965.15,2868.45,-815.039,1025.975
13-06-2023,-952.337,2791.408,-811.066,1023.885
14-06-2023,-941.519,2821.292,-810.626,1017.52
15-06-2023,-938.543,2925.965,-803.566,1012.029
16-06-2023,-946.933,2831.317,-814.757,1014.677
17-06-2023,-944.435,2654.128,-806.517,1013.417
18-06-2023,-926.035,2815.211,-793.76,997.959
19-06-2023,-930.018,3175.473,-810.502,999.795
20-06-2023,-944.533,3222.792,-814.035,1029.316
21-06-2023,-964.676,3203.952,-846.042,1047.181
22-06-2023,-983.772,2872.806,-850.849,1062.974
23-06-2023,-984.019,3077.505,-843.794,1057.315
24-06-2023,-984.832,2937.429,-861.737,1067.156
25-06-2023,-985.301,3117.088,-868.038,1055.905
26-06-2023,-989.803,3065.525,-885.487,1065.617
27-06-2023,-995.701,3000.446,-866.713,1071.765
28-06-2023,-989.664,3117.956,-857.896,1073.659
29-06-2023,-997.257,3178.93,-873.497,1079.54
30-06-2023,-1007.042,3151.297,-883.282,1085.892
01-07-2023,-1014.828,3315.348,-881.174,1093.823
02-07-2023,-1029.901,3238.084,-895.654,1107.36
03-07-2023,-1033.808,3050.994,-899.368,1113.695
04-07-2023,-1024.528,3095.089,-896.511,1108.278
05-07-2023,-1022.921,3374.228,-889.755,1095.105
06-07-2023,-1034.162,3300.577,-903.974,1118.797
07-07-2023,-1041.028,3207.054,-925.439,1127.61
08-07-2023,-1049.464,3345.222,-906.907,1125.642
09-07-2023,-1063.426,3220.386,-912.772,1137.918
10-07-2023,-1060.899,2938.448,-910.778,1135.131
11-07-2023,-1041.267,3068.51,-915.449,1111.852
12-07-2023,-1033.43,2748.827,-916.987,1104.405
13-07-2023,-1012.406,2939.255,-896.801,1072.714
14-07-2023,-1006.984,2747.868,-893.132,1070.206
15-07-2023,-989.561,2970.566,-882.282,1048.275
16-07-2023,-990.497,3504.013,-875.884,1052.939
17-07-2023,-1022.889,3463.715,-881.481,1095.947
18-07-2023,-1039.203,3349.054,-896.827,1126.224
19-07-2023,-1051.476,3369.614,-900.808,1136.861
20-07-2023,-1063.474,3324.858,-926.247,1146.071
21-07-2023,-1074.971,3180.24,-929.017,1152.56
22-07-2023,-1076.616,2947.115,-932.385,1146.526
23-07-2023,-1053.251,2749.546,-902.633,1124.573
24-07-2023,-1022.091,2861.463,-909.627,1089.176
25-07-2023,-1012.311,2937.62,-887.477,1070.421
26-07-2023,-1000.044,3119.408,-885.255,1063.118
27-07-2023,-1009.036,3018.625,-876.143,1074.741
28-07-2023,-1007.309,3141.95,-869.162,1078.889
29-07-2023,-1015.211,3222.877,-872.824,1084.622
30-07-2023,-1019.574,3150.403,-881.892,1093.235
31-07-2023,-1025.414,3152.849,-893.124,1094.394
01-08-2023,-1026.555,3120.999,-893.808,1103.241
02-08-2023,-1029.341,2992.445,-905.262,1097.429
03-08-2023,-1022.869,2847.395,-900.22,1090.927
04-08-2023,-1012.372,2929.947,-886.085,1072.169
05-08-2023,-1004.147,2956.732,-895.38,1067.381
06-08-2023,-999.774,2912.058,-887.794,1062.894
07-08-2023,-992.819,3029.135,-876.817,1054.617
08-08-2023,-992.702,3153.747,-865.567,1055.904
09-08-2023,-1001.367,3153.015,-876.456,1068.875
10-08-2023,-1010.882,3095.053,-869.84,1075.984
11-08-2023,-1015.743,3225.171,-890.786,1081.282
12-08-2023,-1025.288,3152.334,-893.693,1094.792
13-08-2023,-1026.627,2924.486,-900.968,1102.606
14-08-2023,-1012.623,3020.023,-868.513,1087.537
15-08-2023,-1009.935,3059.646,-873.052,1082.299
16-08-2023,-1003.976,3113.27,-875.566,1080.946
17-08-2023,-1004.395,3114.111,-884.83,1082.256
18-08-2023,-1008.333,2875.032,-901.775,1088.863
19-08-2023,-1003.656,2671.434,-895.303,1071.971
20-08-2023,-984.572,2897.258,-875.977,1042.843
21-08-2023,-979.669,3017.61,-872.007,1042.59
22-08-2023,-979.672,2926.635,-881.943,1046.987
23-08-2023,-983.263,2896.635,-865.809,1044.583
24-08-2023,-980.703,2836.298,-865.054,1044.817
25-08-2023,-980.237,2932.412,-859.441,1034.492
26-08-2023,-974.864,2854.694,-848.544,1040.359
27-08-2023,-966.828,2923.564,-829.784,1036.421
28-08-2023,-965.271,3031.832,-832.692,1035.862
29-08-2023,-969.83,2756.556,-832.268,1044.801
30-08-2023,-956.42,2701.253,-830.501,1030.622
31-08-2023,-941.045,2739.771,-845.256,1012.855
01-09-2023,-938.227,2975.959,-819.722,1001.949
02-09-2023,-944.983,2984.323,-834.603,1014.131
03-09-2023,-956.743,3050.822,-818.138,1019.712
04-09-2023,-962.706,2908.081,-821.496,1030.473
05-09-2023,-950.866,2898.543,-833.766,1026.429
06-09-2023,-954.933,2991.559,-831.133,1030.663
07-09-2023,-959.235,3074.399,-840.707,1039.485
08-09-2023,-969.838,3330.693,-847.294,1051.419
09-09-2023,-997.38,3389.916,-859.708,1079.637
10-09-2023,-1017.382,3157.296,-892.409,1105.372
11-09-2023,-1021.828,3088.967,-894.053,1106.488
12-09-2023,-1017.136,2867.94,-880.518,1107.42
13-09-2023,-1003.335,2850.981,-871.594,1083.549
14-09-2023,-989.995,2934.527,-867.621,1067.011
15-09-2023,-989.382,2899.68,-856.597,1061.704
16-09-2023,-990.545,2903.641,-860.285,1050.949
17-09-2023,-985.714,2981.714,-852.887,1047.55
18-09-2023,-979.322,2969.935,-857.396,1051.026
19-09-2023,-975.234,3058.468,-858.941,1057.503
20-09-2023,-980.93,3106.85,-847.608,1059.873
21-09-2023,-988.919,2919.709,-852.831,1069.29
22-09-2023,-983.91,2879.805,-870.561,1060.349
23-09-2023,-979.125,2979.226,-852.952,1047.035
24-09-2023,-976.117,3145.06,-849.606,1046.016
25-09-2023,-989.975,3109.974,-869.634,1059.014
26-09-2023,-990.76,3019.008,-860.131,1066.463
27-09-2023,-992.356,3088.762,-863.914,1068.459
28-09-2023,-996.906,2963.148,-873.91,1067.982
29-09-2023,-996.117,2950.625,-884.514,1066.223
30-09-2023,-999.838,2845.489,-871.273,1060.57
01-10-2023,-991.521,2693.983,-867.534,1044.198
02-10-2023,-964.939,3010.4,-848.829,1023.603
03-10-2023,-967.479,3214.742,-874.322,1033.296
04-10-2023,-987.053,3278.223,-870.927,1061.43
05-10-2023,-1005.483,3302.279,-875.506,1084.303
06-10-2023,-1023.22,3181.891,-894.829,1099.963
07-10-2023,-1029.182,3393.963,-906.509,1102.416
08-10-2023,-1048.207,3318.496,-913.529,1128.687
09-10-2023,-1051.965,3140.785,-920.911,1138.575
10-10-2023,-1049.651,3103.429,-910.427,1129.402
11-10-2023,-1043.335,3089.898,-901.818,1118.165
12-10-2023,-1039.228,3011.658,-908.815,1112.008
13-10-2023,-1031.811,2869.752,-901.852,1097.858
14-10-2023,-1020.704,3007.016,-883.63,1076.124
15-10-2023,-1017.662,3305.586,-897.581,1077.381
16-10-2023,-1030.39,3126.62,-906.144,1097.129
17-10-2023,-1034.807,3198.22,-910.87,1092.444
18-10-2023,-1034.01,2961.415,-920.594,1105.171
19-10-2023,-1023.207,2919.591,-896.992,1092.472
20-10-2023,-1010.79,3136.986,-884.31,1084.479
21-10-2023,-1021.366,2939.159,-891.048,1086.621
22-10-2023,-1016.394,3119.915,-891.184,1075.665
23-10-2023,-1015.994,3195.807,-892.507,1084.292
24-10-2023,-1014.095,2896.94,-897.781,1097.164
25-10-2023,-1007.617,2955.699,-893.137,1081.871
26-10-2023,-1004.718,3173.661,-869.387,1077.764
27-10-2023,-1013.408,3180.044,-880.539,1090.929
28-10-2023,-1016.686,2963.907,-906.766,1101.412
29-10-2023,-1014.978,2696.53,-899.553,1087.878
30-10-2023,-990.418,2756.919,-870.934,1058.861
31-10-2023,-979.618,3063.541,-869.369,1040.341
01-11-2023,-983.887,3149.301,-879.576,1055.153
02-11-2023,-997.788,3034.186,-876.763,1066.949
03-11-2023,-1006.699,2970.424,-874.659,1074.507
04-11-2023,-1005.82,2941.575,-868.843,1068.759
05-11-2023,-1001.43,2830.422,-879.129,1063.774
06-11-2023,-995.944,2606.42,-875.972,1047.09
07-11-2023,-966.792,2666.505,-854.892,1017.655
08-11-2023,-952.834,2967.238,-847.356,1004.217
09-11-2023,-959.147,3108.356,-835.771,1020.348
10-11-2023,-971.894,3123.541,-841.059,1045.267
11-11-2023,-979.458,2945.374,-853.372,1060.705
12-11-2023,-978.15,3219.265,-856.168,1060.783
13-11-2023,-991.877,2812.222,-866.906,1079.773
14-11-2023,-980.193,2930.953,-855.74,1064.862
15-11-2023,-971.827,2956.517,-840.991,1058.456
16-11-2023,-975.657,2952.117,-845.26,1057.113
17-11-2023,-973.404,2987.457,-847.557,1056.092
18-11-2023,-973.223,3065.7,-855.05,1052.403
19-11-2023,-984.744,2881.397,-858.446,1057.401
20-11-2023,-976.505,2850.865,-865.532,1048.872
21-11-2023,-971.286,2853.884,-857.652,1037.555
22-11-2023,-962.918,3052.218,-857.614,1027.949
23-11-2023,-973.789,2806.56,-862.04,1041.731
24-11-2023,-967.126,2867.693,-848.789,1032.042
25-11-2023,-966.607,3166.335,-844.384,1025.273
26-11-2023,-981.741,3327.793,-861.008,1049.122
27-11-2023,-1000.425,3227.493,-874.505,1076.646
28-11-2023,-1007.767,3202.928,-877.165,1090.543
29-11-2023,-1021.44,3320.802,-880.98,1098.256
30-11-2023,-1038.792,3163.403,-886.411,1114.244
01-12-2023,-1043.115,3257.042,-891.147,1113.496
02-12-2023,-1045.672,3056.636,-905.156,1122.436
03-12-2023,-1036.844,3095.839,-905.933,1110.364
04-12-2023,-1033.999,3058.549,-903.578,1105.233
05-12-2023,-1030.782,3151.47,-903.836,1098.45
06-12-2023,-1032.277,2974.848,-898.192,1105.972
07-12-2023,-1021.77,3192.185,-878.723,1092.984
08-12-2023,-1030.12,3353.9,-892.605,1100.629
09-12-2023,-1041.969,3268.079,-901.598,1115.345
10-12-2023,-1049.987,3092.239,-911.787,1122.34
11-12-2023,-1041.298,3008.373,-919.26,1117.05
12-12-2023,-1028.191,2990.796,-918.643,1102.683
13-12-2023,-1020.009,2993.276,-913.089,1090.485
14-12-2023,-1026.433,3166.373,-912.969,1084.154
15-12-2023,-1034.587,3029.022,-908.785,1086.826
16-12-2023,-1027.933,3214.598,-891.928,1081.657
17-12-2023,-1033.664,3192.232,-903.581,1096.164
18-12-2023,-1038.694,3306.061,-919.739,1103.77
19-12-2023,-1044.409,3234.056,-933.715,1117.658
20-12-2023,-1055.948,2992.764,-905.203,1127.555
21-12-2023,-1036.475,2952.96,-910.007,1111.231
22-12-2023,-1038.279,3036.854,-907.223,1094.338
23-12-2023,-1031.863,3051.22,-892.921,1088.626
24-12-2023,-1023.533,3104.976,-901.016,1085.225
25-12-2023,-1021.827,3143.524,-913.898,1088.391
26-12-2023,-1021.361,3079.017,-887.644,1094.514
27-12-2023,-1013.352,3222.328,-897.011,1094.111
28-12-2023,-1029.747,3289.075,-921.344,1101.287
29-12-2023,-1040.545,3062.551,-925.912,1114.228
30-12-2023,-1037.247,2823.706,-914.095,1102.377
